{"stats":{"minecraft:broken":{"minecraft:iron_boots":1,"minecraft:iron_chestplate":1,"minecraft:iron_leggings":1,"iceandfire:silver_pickaxe":3,"minecraft:iron_sword":1,"minecraft:iron_pickaxe":4,"minecraft:iron_helmet":1},"minecraft:dropped":{"farmersdelight:tomato_seeds":6,"minecraft:enchanted_book":1,"minecraft:iron_ingot":24,"iceandfire:raw_silver":2,"minecraft:iron_sword":2,"minecraft:brown_mushroom":1,"minecraft:wheat_seeds":9,"quark:deepslate_furnace":4,"minecraft:mossy_cobblestone":2,"minecraft:feather":4,"iceandfire:ice_dragon_flesh":6,"minecraft:book":4,"minecraft:granite":1,"iceandfire:ectoplasm":4,"minecraft:spruce_door":1,"minecraft:coal":1,"minecraft:emerald":6,"minecraft:stick":23,"minecraft:flint":1,"minecraft:dirt":1,"iceandfire:sea_serpent_scales_red":7,"tombstone:magic_scroll":1,"minecraft:wooden_axe":3,"minecraft:diamond_helmet":1,"minecraft:gold_nugget":18,"iceandfire:ice_dragon_heart":1,"minecraft:sand":39,"minecraft:spruce_sapling":4,"iceandfire:dragonbone":3,"minecraft:sugar_cane":8,"minecraft:rotten_flesh":13,"iceandfire:frozen_stone":3,"iceandfire:dragon_skull_ice":2,"minecraft:filled_map":2,"minecraft:poppy":2,"minecraft:spruce_boat":1,"minecraft:skeleton_skull":1,"minecraft:bundle":1,"minecraft:spruce_planks":21,"iceandfire:silver_ingot":30,"quark:forgotten_hat":3,"minecraft:iron_bars":1,"minecraft:bow":1,"minecraft:wooden_pickaxe":1,"iceandfire:sea_serpent_fang":10,"minecraft:netherrack":95,"iceandfire:silver_pickaxe":1},"minecraft:killed_by":{"minecraft:player":3,"minecraft:enderman":1,"iceandfire:sea_serpent":1,"iceandfire:ice_dragon":5,"minecraft:skeleton":6,"minecraft:zombie":1,"iceandfire:ghost":4},"minecraft:crafted":{"minecraft:furnace":1,"quark:deepslate_furnace":1,"minecraft:flint_and_steel":1,"minecraft:iron_boots":1,"minecraft:iron_axe":1,"minecraft:spruce_boat":2,"quark:spruce_chest":1,"minecraft:netherite_scrap":5,"sophisticatedbackpacks:iron_backpack":1,"sophisticatedbackpacks:backpack":1,"iceandfire:silver_ingot":8,"minecraft:crafting_table":7,"minecraft:spruce_planks":76,"minecraft:iron_helmet":1,"minecraft:wooden_pickaxe":1,"minecraft:iron_sword":2,"minecraft:bucket":1,"sophisticatedbackpacks:upgrade_base":1,"minecraft:air":0,"minecraft:iron_chestplate":1,"minecraft:diamond_pickaxe":1,"minecraft:stick":32,"minecraft:wooden_axe":1,"minecraft:iron_ingot":39,"minecraft:iron_pickaxe":4,"minecraft:iron_leggings":1,"iceandfire:silver_pickaxe":6},"minecraft:mined":{"minecraft:nether_gold_ore":2,"minecraft:tuff":3,"minecraft:spruce_planks":2,"iceandfire:silver_ore":8,"minecraft:mossy_cobblestone":1,"minecraft:deepslate_diamond_ore":20,"minecraft:cave_vines_plant":11,"minecraft:granite":11,"minecraft:budding_amethyst":1,"iceandfire:frozen_stone":1,"minecraft:grass_block":4,"minecraft:spruce_leaves":41,"minecraft:sandstone":35,"minecraft:large_fern":7,"minecraft:magma_block":6,"minecraft:furnace":4,"minecraft:iron_ore":39,"minecraft:cobbled_deepslate":3,"minecraft:iron_bars":1,"minecraft:cave_vines":25,"minecraft:deepslate_iron_ore":50,"minecraft:vine":2,"minecraft:stone":76,"minecraft:glass_pane":1,"minecraft:blackstone":65,"minecraft:crafting_table":10,"iceandfire:dragon_ice_spikes":2,"minecraft:calcite":3,"celestisynth:wintereis":2,"iceandfire:sapphire_ore":5,"minecraft:nether_quartz_ore":13,"minecraft:copper_ore":2,"minecraft:tall_grass":1,"minecraft:cobblestone":16,"minecraft:sugar_cane":1,"minecraft:blue_bed":15,"minecraft:amethyst_block":2,"minecraft:sweet_berry_bush":34,"minecraft:ice":9,"minecraft:spruce_log":30,"quark:deepslate_furnace":2,"minecraft:grass":2,"minecraft:coal_ore":19,"minecraft:gravel":9,"minecraft:sand":45,"minecraft:dirt":4,"minecraft:smooth_basalt":2,"minecraft:ancient_debris":4,"minecraft:netherrack":2481,"minecraft:deepslate":91,"minecraft:fern":6},"minecraft:custom":{"minecraft:mob_kills":80,"goblintraders:trade_with_goblin":1,"minecraft:interact_with_crafting_table":39,"minecraft:time_since_death":41072,"minecraft:climb_one_cm":403,"minecraft:sprint_one_cm":401900,"minecraft:walk_one_cm":676768,"minecraft:drop":79,"tombstone:eaten_lollipop":1,"minecraft:play_time":245312,"minecraft:sneak_time":12000,"minecraft:deaths":29,"minecraft:walk_under_water_one_cm":30187,"minecraft:boat_one_cm":460575,"tombstone:tomb_raiding":7,"minecraft:jump":2989,"minecraft:walk_on_water_one_cm":23393,"minecraft:total_world_time":245312,"minecraft:interact_with_furnace":24,"minecraft:sleep_in_bed":7,"minecraft:time_since_rest":40871,"minecraft:waystone_activated":1,"minecraft:damage_taken":9523,"minecraft:damage_absorbed":130,"tombstone:sneak_grave":2,"minecraft:trigger_trapped_chest":5,"minecraft:damage_dealt":21138,"minecraft:player_kills":9,"minecraft:swim_one_cm":27919,"minecraft:fly_one_cm":309986,"minecraft:open_chest":38,"minecraft:crouch_one_cm":34959,"tombstone:undead_killed":56,"minecraft:fall_one_cm":73938},"minecraft:killed":{"minecraft:spider":5,"quark:forgotten":1,"minecraft:skeleton":26,"minecraft:chicken":1,"quark:crab":1,"celestisynth:star_monolith":1,"minecraft:creeper":3,"minecraft:zombie":23,"iceandfire:ghost":6,"iceandfire:ice_dragon":1,"minecraft:cow":3,"iceandfire:sea_serpent":1,"minecraft:enderman":3},"minecraft:used":{"minecraft:flint_and_steel":1,"minecraft:tropical_fish":1,"iceandfire:dragon_skull_ice":2,"minecraft:spruce_planks":16,"quark:crab_leg":1,"minecraft:iron_sword":440,"tombstone:lollipop":1,"minecraft:netherrack":76,"minecraft:rotten_flesh":3,"minecraft:dirt":14,"minecraft:tuff":4,"minecraft:granite":9,"minecraft:spruce_boat":2,"minecraft:wooden_axe":7,"minecraft:lava_bucket":10,"quark:deepslate_furnace":2,"minecraft:iron_axe":20,"minecraft:iron_helmet":1,"minecraft:iron_boots":1,"minecraft:bow":4,"minecraft:sweet_berries":55,"minecraft:furnace":4,"minecraft:cooked_cod":3,"tombstone:gift":12,"minecraft:cooked_beef":4,"minecraft:cobbled_deepslate":77,"minecraft:water_bucket":95,"minecraft:wooden_pickaxe":35,"minecraft:sandstone":31,"minecraft:blue_bed":17,"minecraft:glow_berries":21,"minecraft:sand":10,"minecraft:crafting_table":16,"minecraft:spruce_log":8,"iceandfire:silver_pickaxe":1758,"minecraft:diamond_pickaxe":181,"minecraft:iron_pickaxe":1000,"tombstone:magic_scroll":2,"minecraft:spruce_sapling":4,"tombstone:grave_key":8,"minecraft:gravel":8,"minecraft:cobblestone":66,"minecraft:bucket":106},"minecraft:picked_up":{"minecraft:wooden_axe":2,"minecraft:crafting_table":10,"minecraft:iron_chestplate":1,"minecraft:brown_mushroom":1,"minecraft:enchanted_book":2,"minecraft:raw_copper":6,"minecraft:string":8,"iceandfire:frozen_stone":1,"minecraft:iron_leggings":1,"minecraft:blackstone":64,"minecraft:gold_nugget":25,"minecraft:cobbled_deepslate":85,"minecraft:bucket":1,"minecraft:spruce_planks":23,"minecraft:poppy":2,"minecraft:furnace":4,"minecraft:sugar_cane":12,"minecraft:iron_boots":1,"minecraft:stick":24,"minecraft:raw_iron":88,"minecraft:sandstone":31,"iceandfire:dragonbone":3,"quark:deepslate_furnace":6,"tombstone:grave_dust":28,"celestisynth:wintereis_shard":5,"tombstone:lollipop":1,"iceandfire:dragon_skull_ice":3,"iceandfire:silver_ingot":30,"minecraft:arrow":66,"minecraft:rotten_flesh":21,"minecraft:tropical_fish":1,"tombstone:essence_of_undeath":4,"minecraft:glow_berries":19,"minecraft:skeleton_skull":1,"minecraft:iron_bars":1,"minecraft:snowball":14,"minecraft:cobblestone":80,"quark:crab_leg":1,"iceandfire:sapphire_gem":5,"minecraft:magma_block":3,"minecraft:cooked_beef":4,"iceandfire:sea_serpent_fang":15,"minecraft:leather":8,"minecraft:filled_map":1,"minecraft:flint":2,"minecraft:tuff":4,"minecraft:ancient_debris":4,"iceandfire:ectoplasm":4,"minecraft:gunpowder":2,"minecraft:dirt":17,"minecraft:blue_bed":17,"tombstone:gift":1,"quark:forgotten_hat":2,"minecraft:bone":45,"minecraft:bow":2,"minecraft:wheat_seeds":9,"minecraft:iron_ingot":48,"minecraft:iron_sword":1,"minecraft:book":12,"minecraft:sweet_berries":74,"minecraft:quartz":13,"minecraft:gravel":8,"minecraft:sand":67,"minecraft:spruce_sapling":9,"minecraft:spruce_log":52,"minecraft:spruce_door":1,"minecraft:mossy_cobblestone":2,"minecraft:bundle":2,"iceandfire:silver_pickaxe":1,"minecraft:diamond":39,"minecraft:spruce_boat":1,"waystones:waystone":1,"minecraft:granite":10,"iceandfire:sea_serpent_scales_red":7,"minecraft:emerald":12,"tombstone:magic_scroll":7,"minecraft:netherrack":1787,"minecraft:coal":38,"iceandfire:raw_silver":18,"minecraft:ender_pearl":1}},"DataVersion":3465}