{"stats":{"minecraft:mined":{"minecraft:nether_gold_ore":3,"minecraft:tuff":3,"minecraft:spruce_planks":24,"minecraft:farmland":7,"iceandfire:silver_ore":8,"minecraft:mossy_cobblestone":9,"minecraft:deepslate_diamond_ore":20,"minecraft:cobblestone_stairs":4,"minecraft:spruce_trapdoor":33,"minecraft:obsidian":7,"minecraft:cave_vines_plant":11,"minecraft:granite":11,"minecraft:budding_amethyst":1,"iceandfire:frozen_stone":1,"minecraft:spruce_fence":2,"minecraft:grass_block":82,"minecraft:spruce_leaves":51,"minecraft:sandstone":35,"minecraft:large_fern":14,"minecraft:magma_block":6,"minecraft:furnace":5,"minecraft:iron_ore":39,"minecraft:cobbled_deepslate":3,"minecraft:pumpkin":1,"farmersdelight:rope":2,"minecraft:dirt_path":25,"minecraft:bookshelf":4,"minecraft:cave_vines":25,"minecraft:deepslate_iron_ore":50,"minecraft:vine":2,"minecraft:iron_bars":1,"minecraft:stone":76,"minecraft:white_wool":2,"minecraft:podzol":7,"minecraft:glass_pane":3,"minecraft:blackstone":120,"minecraft:spruce_door":1,"minecraft:crafting_table":15,"iceandfire:dragon_ice_spikes":3,"minecraft:calcite":3,"minecraft:dead_bush":1,"celestisynth:wintereis":2,"iceandfire:sapphire_ore":5,"minecraft:nether_quartz_ore":41,"minecraft:copper_ore":2,"minecraft:tall_grass":1,"minecraft:cobblestone":56,"minecraft:sugar_cane":1,"minecraft:wall_torch":1,"minecraft:blue_bed":21,"minecraft:amethyst_block":2,"minecraft:spruce_stairs":1,"minecraft:coarse_dirt":7,"minecraft:cobblestone_wall":1,"minecraft:wheat":1,"minecraft:sweet_berry_bush":35,"minecraft:ice":9,"minecraft:spruce_log":78,"quark:deepslate_furnace":2,"minecraft:grass":5,"minecraft:coal_ore":19,"quark:spruce_chest":1,"minecraft:gravel":23,"minecraft:dirt":110,"minecraft:sand":45,"minecraft:smooth_basalt":2,"minecraft:ancient_debris":29,"minecraft:netherrack":4146,"minecraft:deepslate":91,"minecraft:fern":11,"minecraft:deepslate_tiles":7},"minecraft:killed":{"minecraft:spider":7,"quark:forgotten":1,"minecraft:skeleton":28,"minecraft:chicken":1,"quark:crab":1,"minecraft:piglin":2,"celestisynth:star_monolith":1,"quark:foxhound":1,"minecraft:creeper":4,"minecraft:zombie":31,"iceandfire:ghost":6,"iceandfire:ice_dragon":1,"iceandfire:sea_serpent":1,"minecraft:enderman":3,"minecraft:cow":3},"minecraft:picked_up":{"minecraft:wooden_axe":2,"minecraft:iron_chestplate":2,"minecraft:crafting_table":16,"minecraft:brown_mushroom":1,"minecraft:enchanted_book":2,"minecraft:string":11,"iceandfire:frozen_stone":1,"minecraft:raw_copper":6,"minecraft:iron_leggings":2,"minecraft:blackstone":64,"quark:spruce_chest":1,"minecraft:deepslate_tiles":9,"minecraft:gold_nugget":31,"minecraft:cobbled_deepslate":85,"minecraft:bucket":1,"minecraft:spruce_planks":50,"minecraft:poppy":2,"minecraft:spruce_trapdoor":32,"minecraft:sugar_cane":12,"minecraft:iron_boots":1,"minecraft:furnace":5,"minecraft:stick":28,"minecraft:raw_iron":88,"minecraft:sandstone":31,"iceandfire:dragonbone":3,"minecraft:torch":3,"minecraft:spruce_stairs":1,"minecraft:spruce_fence":2,"quark:deepslate_furnace":6,"tombstone:grave_dust":30,"celestisynth:wintereis_shard":5,"tombstone:lollipop":1,"iceandfire:dragon_skull_ice":3,"iceandfire:silver_ingot":30,"minecraft:arrow":68,"minecraft:rotten_flesh":29,"minecraft:tropical_fish":1,"farmersdelight:rope":2,"tombstone:essence_of_undeath":5,"minecraft:white_wool":2,"minecraft:obsidian":11,"minecraft:glow_berries":19,"minecraft:snowball":14,"minecraft:iron_bars":1,"minecraft:skeleton_skull":1,"minecraft:cobblestone":120,"quark:crab_leg":1,"iceandfire:sapphire_gem":5,"minecraft:magma_block":6,"minecraft:cooked_beef":4,"iceandfire:sea_serpent_fang":15,"minecraft:leather":9,"minecraft:filled_map":1,"minecraft:flint":2,"minecraft:tuff":4,"minecraft:ancient_debris":28,"iceandfire:ectoplasm":4,"minecraft:gunpowder":5,"minecraft:cobblestone_stairs":4,"minecraft:dirt":361,"minecraft:blue_bed":23,"tombstone:gift":1,"quark:forgotten_hat":2,"minecraft:bone":49,"minecraft:bow":2,"minecraft:wheat_seeds":10,"minecraft:iron_ingot":48,"minecraft:iron_sword":1,"minecraft:book":24,"minecraft:sweet_berries":75,"minecraft:quartz":41,"minecraft:gravel":8,"minecraft:sand":67,"minecraft:spruce_sapling":10,"minecraft:spruce_log":100,"minecraft:spruce_door":5,"minecraft:mossy_cobblestone":10,"minecraft:bundle":2,"iceandfire:silver_pickaxe":1,"minecraft:stone_axe":1,"minecraft:diamond":39,"minecraft:spruce_boat":1,"waystones:waystone":1,"minecraft:iron_helmet":1,"minecraft:granite":10,"iceandfire:sea_serpent_scales_red":7,"minecraft:emerald":12,"minecraft:coarse_dirt":1,"tombstone:magic_scroll":8,"minecraft:netherrack":2375,"minecraft:coal":56,"iceandfire:raw_silver":18,"minecraft:ender_pearl":1},"minecraft:custom":{"minecraft:mob_kills":96,"minecraft:interact_with_crafting_table":53,"goblintraders:trade_with_goblin":8,"minecraft:time_since_death":42258,"minecraft:climb_one_cm":403,"minecraft:sprint_one_cm":404366,"minecraft:walk_one_cm":1301706,"minecraft:drop":98,"tombstone:eaten_lollipop":1,"minecraft:talked_to_villager":1,"minecraft:play_time":356324,"minecraft:sneak_time":18244,"minecraft:deaths":30,"minecraft:walk_under_water_one_cm":31076,"minecraft:boat_one_cm":460575,"tombstone:tomb_raiding":7,"minecraft:jump":3394,"minecraft:walk_on_water_one_cm":28578,"minecraft:total_world_time":356324,"minecraft:interact_with_furnace":32,"tombstone:raider_killed":1,"minecraft:sleep_in_bed":11,"minecraft:time_since_rest":2399,"minecraft:waystone_activated":1,"minecraft:damage_taken":10017,"minecraft:damage_absorbed":130,"minecraft:trigger_trapped_chest":5,"tombstone:sneak_grave":2,"minecraft:damage_dealt":24314,"minecraft:player_kills":9,"minecraft:swim_one_cm":27919,"minecraft:fly_one_cm":311517,"minecraft:open_chest":48,"minecraft:crouch_one_cm":62951,"tombstone:undead_killed":66,"minecraft:fall_one_cm":76930},"minecraft:used":{"minecraft:iron_shovel":235,"minecraft:flint_and_steel":1,"minecraft:tropical_fish":1,"iceandfire:dragon_skull_ice":2,"minecraft:spruce_planks":16,"quark:crab_leg":1,"minecraft:iron_sword":501,"tombstone:lollipop":1,"minecraft:stone_hoe":133,"minecraft:rotten_flesh":3,"minecraft:netherrack":446,"minecraft:torch":3,"minecraft:dirt":115,"minecraft:iron_hoe":210,"minecraft:tuff":4,"minecraft:granite":9,"minecraft:wooden_axe":7,"minecraft:spruce_boat":3,"minecraft:lava_bucket":10,"quark:deepslate_furnace":2,"quark:spruce_chest":1,"minecraft:iron_axe":144,"minecraft:iron_helmet":1,"minecraft:iron_boots":1,"minecraft:bow":4,"minecraft:sweet_berries":56,"minecraft:cooked_cod":3,"minecraft:furnace":5,"tombstone:gift":14,"minecraft:cooked_beef":4,"minecraft:cobbled_deepslate":77,"minecraft:iron_leggings":1,"minecraft:water_bucket":101,"minecraft:wooden_pickaxe":35,"minecraft:sandstone":31,"minecraft:blue_bed":23,"minecraft:glow_berries":21,"minecraft:sand":10,"minecraft:crafting_table":19,"minecraft:spruce_log":8,"iceandfire:silver_pickaxe":2760,"minecraft:diamond_pickaxe":526,"minecraft:iron_pickaxe":1500,"tombstone:magic_scroll":2,"minecraft:spruce_sapling":4,"tombstone:grave_key":8,"minecraft:gravel":8,"minecraft:stone_axe":1,"minecraft:cobblestone":66,"minecraft:bucket":112},"minecraft:killed_by":{"minecraft:player":3,"minecraft:enderman":1,"iceandfire:sea_serpent":1,"iceandfire:ice_dragon":5,"minecraft:skeleton":6,"minecraft:zombie":1,"iceandfire:ghost":4},"minecraft:broken":{"minecraft:iron_boots":1,"minecraft:iron_chestplate":1,"minecraft:iron_leggings":1,"iceandfire:silver_pickaxe":6,"minecraft:stone_hoe":1,"minecraft:iron_sword":1,"minecraft:iron_pickaxe":6,"minecraft:iron_helmet":1},"minecraft:crafted":{"minecraft:nether_wart":2,"minecraft:furnace":1,"quark:deepslate_furnace":1,"minecraft:flint_and_steel":1,"minecraft:iron_boots":1,"minecraft:iron_axe":1,"minecraft:iron_hoe":1,"minecraft:spruce_boat":3,"quark:spruce_chest":1,"minecraft:netherite_scrap":35,"minecraft:stone_hoe":1,"sophisticatedbackpacks:iron_backpack":1,"sophisticatedbackpacks:backpack":1,"iceandfire:silver_ingot":8,"minecraft:crafting_table":7,"minecraft:spruce_planks":84,"minecraft:iron_helmet":1,"minecraft:wooden_pickaxe":1,"minecraft:iron_sword":2,"minecraft:bucket":1,"sophisticatedbackpacks:upgrade_base":1,"minecraft:air":0,"minecraft:iron_chestplate":1,"minecraft:diamond_pickaxe":1,"minecraft:stick":40,"minecraft:iron_ingot":55,"minecraft:iron_pickaxe":6,"minecraft:wooden_axe":1,"minecraft:iron_shovel":1,"minecraft:iron_leggings":1,"minecraft:torch":8,"iceandfire:silver_pickaxe":6},"minecraft:dropped":{"farmersdelight:tomato_seeds":6,"minecraft:enchanted_book":1,"minecraft:iron_ingot":24,"minecraft:iron_sword":2,"iceandfire:raw_silver":2,"minecraft:brown_mushroom":1,"minecraft:wheat_seeds":9,"quark:deepslate_furnace":4,"minecraft:mossy_cobblestone":2,"minecraft:crafting_table":1,"minecraft:feather":4,"minecraft:book":4,"iceandfire:ice_dragon_flesh":6,"minecraft:granite":1,"iceandfire:ectoplasm":4,"minecraft:spruce_door":1,"minecraft:coal":1,"minecraft:flint":1,"minecraft:stick":23,"minecraft:emerald":6,"minecraft:dirt":4,"iceandfire:sea_serpent_scales_red":7,"tombstone:magic_scroll":1,"minecraft:wooden_axe":3,"minecraft:diamond_helmet":1,"minecraft:gold_nugget":18,"iceandfire:ice_dragon_heart":1,"minecraft:sand":39,"minecraft:spruce_sapling":4,"iceandfire:dragonbone":3,"minecraft:sugar_cane":8,"minecraft:rotten_flesh":13,"iceandfire:frozen_stone":3,"iceandfire:dragon_skull_ice":2,"minecraft:filled_map":2,"minecraft:poppy":2,"minecraft:deepslate_tiles":1,"minecraft:spruce_boat":1,"minecraft:skeleton_skull":1,"minecraft:spruce_planks":26,"minecraft:bundle":1,"iceandfire:silver_ingot":30,"quark:forgotten_hat":3,"minecraft:iron_bars":1,"minecraft:bow":1,"minecraft:wooden_pickaxe":1,"minecraft:magma_block":3,"iceandfire:sea_serpent_fang":10,"minecraft:netherrack":873,"iceandfire:silver_pickaxe":1}},"DataVersion":3465}