{"stats":{"minecraft:killed_by":{"iceandfire:sea_serpent":1,"iceandfire:ice_dragon":5,"minecraft:zombie":1,"minecraft:player":3,"minecraft:enderman":1,"minecraft:skeleton":6,"iceandfire:ghost":4},"minecraft:custom":{"minecraft:interact_with_crafting_table":70,"goblintraders:trade_with_goblin":8,"minecraft:time_since_death":44741,"minecraft:sprint_one_cm":481992,"minecraft:drop":191,"tombstone:eaten_lollipop":1,"minecraft:talked_to_villager":7,"minecraft:play_time":406431,"minecraft:deaths":31,"tombstone:tomb_raiding":7,"minecraft:jump":3902,"minecraft:walk_on_water_one_cm":29767,"minecraft:interact_with_furnace":32,"minecraft:sleep_in_bed":11,"minecraft:waystone_activated":2,"tombstone:sneak_grave":2,"minecraft:damage_dealt":25514,"minecraft:player_kills":9,"minecraft:crouch_one_cm":78708,"tombstone:undead_killed":69,"minecraft:mob_kills":104,"minecraft:climb_one_cm":403,"minecraft:walk_one_cm":1496727,"minecraft:sneak_time":21797,"minecraft:walk_under_water_one_cm":31501,"minecraft:boat_one_cm":470565,"minecraft:total_world_time":406431,"tombstone:raider_killed":1,"minecraft:time_since_rest":44436,"minecraft:damage_taken":10203,"minecraft:damage_absorbed":130,"minecraft:trigger_trapped_chest":5,"minecraft:swim_one_cm":29672,"minecraft:fly_one_cm":377935,"minecraft:open_chest":76,"minecraft:fall_one_cm":84456},"minecraft:killed":{"minecraft:spider":7,"quark:forgotten":1,"minecraft:skeleton":28,"minecraft:chicken":1,"quark:crab":1,"minecraft:piglin":2,"minecraft:pig":5,"celestisynth:star_monolith":1,"minecraft:creeper":4,"minecraft:zombie":33,"iceandfire:sea_serpent":1,"minecraft:cow":3,"quark:foxhound":1,"iceandfire:ghost":7,"iceandfire:ice_dragon":1,"minecraft:enderman":3},"minecraft:broken":{"minecraft:iron_shovel":1,"minecraft:iron_boots":1,"minecraft:iron_chestplate":1,"minecraft:iron_leggings":1,"iceandfire:silver_pickaxe":6,"minecraft:iron_sword":1,"minecraft:iron_hoe":1,"minecraft:stone_hoe":1,"minecraft:iron_pickaxe":6,"minecraft:iron_helmet":1},"minecraft:crafted":{"minecraft:cobblestone_slab":84,"minecraft:chain":3,"quark:deepslate_furnace":1,"minecraft:iron_boots":1,"minecraft:stone_hoe":1,"sophisticatedbackpacks:backpack":1,"minecraft:crafting_table":8,"minecraft:spruce_planks":108,"minecraft:wooden_pickaxe":1,"minecraft:iron_helmet":1,"sophisticatedbackpacks:upgrade_base":1,"minecraft:iron_chestplate":1,"minecraft:diamond_pickaxe":1,"sophisticatedbackpacks:diamond_backpack":1,"minecraft:stick":44,"minecraft:iron_pickaxe":6,"minecraft:iron_ingot":55,"minecraft:composter":5,"minecraft:shears":1,"minecraft:deepslate_tile_slab":6,"minecraft:nether_wart":2,"minecraft:iron_nugget":9,"minecraft:furnace":1,"minecraft:flint_and_steel":1,"minecraft:iron_axe":1,"minecraft:spruce_slab":36,"minecraft:iron_hoe":2,"minecraft:spruce_boat":3,"quark:spruce_chest":5,"minecraft:netherite_scrap":35,"sophisticatedbackpacks:iron_backpack":1,"iceandfire:chain":1,"iceandfire:silver_ingot":8,"minecraft:iron_sword":2,"sophisticatedbackpacks:gold_backpack":1,"minecraft:bucket":1,"minecraft:air":0,"minecraft:wooden_axe":1,"minecraft:iron_shovel":2,"minecraft:iron_leggings":1,"iceandfire:silver_pickaxe":6,"minecraft:torch":8},"minecraft:mined":{"minecraft:spruce_planks":33,"minecraft:farmland":18,"minecraft:cobblestone_stairs":4,"minecraft:obsidian":7,"minecraft:spruce_trapdoor":45,"minecraft:cave_vines_plant":11,"minecraft:granite":11,"minecraft:budding_amethyst":1,"minecraft:grass_block":107,"minecraft:composter":3,"minecraft:magma_block":6,"minecraft:iron_ore":39,"minecraft:cobbled_deepslate":3,"minecraft:pumpkin":1,"minecraft:cave_vines":25,"minecraft:dirt_path":25,"minecraft:iron_bars":1,"minecraft:blackstone":120,"minecraft:deepslate_tile_slab":7,"iceandfire:dragon_ice_spikes":3,"minecraft:calcite":3,"minecraft:dead_bush":1,"celestisynth:wintereis":2,"iceandfire:sapphire_ore":5,"minecraft:nether_quartz_ore":41,"minecraft:cobblestone":60,"minecraft:sugar_cane":2,"minecraft:wall_torch":7,"minecraft:amethyst_block":2,"minecraft:wheat":7,"minecraft:grass":8,"minecraft:sand":45,"minecraft:dirt":156,"minecraft:smooth_basalt":2,"minecraft:netherrack":4218,"minecraft:ancient_debris":29,"minecraft:deepslate":91,"minecraft:nether_gold_ore":3,"minecraft:attached_pumpkin_stem":1,"minecraft:deepslate_tiles":18,"minecraft:tuff":3,"iceandfire:silver_ore":8,"minecraft:mossy_cobblestone":13,"minecraft:deepslate_diamond_ore":20,"iceandfire:frozen_stone":1,"minecraft:spruce_fence":2,"minecraft:spruce_leaves":57,"minecraft:sandstone":35,"minecraft:large_fern":35,"minecraft:furnace":6,"minecraft:bookshelf":4,"minecraft:potatoes":1,"farmersdelight:rope":2,"minecraft:deepslate_iron_ore":50,"minecraft:cobblestone_slab":6,"minecraft:vine":2,"minecraft:stone":76,"minecraft:white_wool":3,"minecraft:podzol":11,"minecraft:glass_pane":4,"minecraft:spruce_door":1,"minecraft:crafting_table":16,"minecraft:tall_grass":1,"minecraft:copper_ore":2,"minecraft:blue_bed":21,"minecraft:spruce_stairs":1,"minecraft:coarse_dirt":10,"minecraft:cobblestone_wall":1,"minecraft:sweet_berry_bush":36,"minecraft:ice":9,"minecraft:spruce_log":88,"quark:deepslate_furnace":2,"minecraft:coal_ore":19,"quark:spruce_chest":4,"minecraft:gravel":23,"minecraft:fern":35},"minecraft:picked_up":{"minecraft:wooden_axe":2,"minecraft:iron_chestplate":3,"minecraft:wheat":5,"minecraft:potion":1,"minecraft:enchanted_book":8,"iceandfire:manuscript":26,"minecraft:string":14,"minecraft:raw_copper":6,"minecraft:iron_leggings":2,"minecraft:deepslate_tiles":25,"minecraft:gold_nugget":108,"minecraft:cobbled_deepslate":85,"minecraft:bucket":2,"minecraft:spruce_planks":88,"minecraft:cobblestone_slab":6,"minecraft:iron_pickaxe":1,"minecraft:furnace":8,"minecraft:iron_boots":1,"minecraft:stick":34,"minecraft:composter":3,"minecraft:torch":21,"minecraft:spruce_stairs":2,"minecraft:porkchop":12,"tombstone:grave_dust":54,"celestisynth:wintereis_shard":10,"tombstone:lollipop":1,"minecraft:rotten_flesh":100,"minecraft:tropical_fish":1,"farmersdelight:rope":4,"minecraft:obsidian":22,"minecraft:iron_bars":17,"minecraft:snowball":28,"minecraft:cobblestone":129,"iceandfire:sapphire_gem":18,"minecraft:magma_block":9,"minecraft:cooked_beef":4,"farmersdelight:rice":5,"minecraft:potato":2,"minecraft:flint":2,"minecraft:tuff":4,"minecraft:lapis_lazuli":59,"minecraft:dirt":795,"minecraft:bone":96,"minecraft:bow":3,"minecraft:wheat_seeds":32,"iceandfire:dragonscales_sapphire":7,"minecraft:sand":85,"minecraft:mossy_cobblestone":32,"minecraft:bundle":2,"minecraft:diamond":48,"minecraft:spruce_boat":4,"waystones:waystone":2,"minecraft:granite":10,"iceandfire:silver_nugget":64,"minecraft:emerald":14,"minecraft:netherrack":3527,"iceandfire:raw_silver":18,"minecraft:crafting_table":21,"minecraft:coarse_dirt":4,"minecraft:nether_wart":2,"minecraft:brown_mushroom":5,"iceandfire:chain":2,"iceandfire:frozen_stone":19,"minecraft:flint_and_steel":1,"minecraft:netherite_scrap":35,"minecraft:blackstone":196,"quark:spruce_chest":4,"minecraft:poppy":2,"minecraft:sugar_cane":15,"minecraft:spruce_trapdoor":86,"minecraft:raw_iron":132,"minecraft:sandstone":31,"iceandfire:dragonbone":13,"minecraft:spruce_fence":4,"minecraft:polished_blackstone_bricks":3,"quark:deepslate_furnace":6,"iceandfire:dragon_skull_ice":4,"iceandfire:silver_ingot":30,"minecraft:arrow":92,"tombstone:essence_of_undeath":11,"minecraft:glow_berries":19,"minecraft:white_wool":5,"minecraft:skeleton_skull":1,"quark:crab_leg":1,"iceandfire:sea_serpent_fang":25,"minecraft:leather":12,"minecraft:filled_map":1,"minecraft:ancient_debris":28,"iceandfire:ectoplasm":9,"minecraft:gunpowder":11,"minecraft:cobblestone_stairs":12,"minecraft:deepslate_tile_slab":6,"minecraft:blue_bed":24,"minecraft:paper":9,"tombstone:gift":1,"quark:forgotten_hat":4,"sophisticatedbackpacks:upgrade_base":1,"minecraft:heart_of_the_sea":1,"minecraft:iron_ingot":52,"minecraft:iron_sword":2,"minecraft:book":40,"minecraft:sweet_berries":110,"minecraft:quartz":82,"minecraft:gravel":8,"minecraft:spruce_sapling":14,"minecraft:spruce_log":109,"minecraft:spruce_door":9,"iceandfire:silver_pickaxe":1,"minecraft:pumpkin_seeds":3,"minecraft:stone_axe":2,"minecraft:iron_helmet":1,"iceandfire:sea_serpent_scales_red":7,"minecraft:baked_potato":6,"tombstone:magic_scroll":10,"minecraft:coal":78,"minecraft:ender_pearl":1},"minecraft:used":{"minecraft:iron_shovel":305,"iceandfire:dragon_skull_ice":2,"minecraft:iron_sword":536,"tombstone:lollipop":1,"minecraft:rotten_flesh":3,"minecraft:deepslate_tile_slab":7,"minecraft:tuff":4,"minecraft:spruce_boat":4,"minecraft:lava_bucket":10,"quark:deepslate_furnace":2,"minecraft:iron_helmet":1,"minecraft:bow":4,"minecraft:sweet_berries":59,"minecraft:furnace":5,"minecraft:cooked_cod":3,"minecraft:wooden_pickaxe":35,"minecraft:sandstone":31,"minecraft:composter":6,"minecraft:blue_bed":23,"minecraft:glow_berries":21,"minecraft:sand":10,"minecraft:deepslate_tiles":4,"iceandfire:silver_pickaxe":2760,"tombstone:grave_key":8,"minecraft:gravel":8,"minecraft:coarse_dirt":3,"minecraft:flint_and_steel":1,"minecraft:tropical_fish":1,"minecraft:spruce_planks":16,"quark:crab_leg":1,"minecraft:stone_hoe":133,"minecraft:netherrack":626,"minecraft:torch":4,"minecraft:dirt":141,"minecraft:granite":9,"minecraft:iron_hoe":306,"minecraft:wooden_axe":7,"quark:spruce_chest":5,"minecraft:iron_axe":179,"minecraft:iron_boots":1,"tombstone:gift":14,"minecraft:cooked_beef":4,"minecraft:cobbled_deepslate":77,"minecraft:iron_leggings":1,"minecraft:wheat_seeds":23,"minecraft:water_bucket":101,"minecraft:baked_potato":3,"minecraft:cobblestone_slab":82,"minecraft:crafting_table":20,"minecraft:spruce_log":8,"minecraft:diamond_pickaxe":636,"minecraft:iron_pickaxe":1500,"tombstone:magic_scroll":2,"minecraft:spruce_sapling":4,"minecraft:stone_axe":1,"minecraft:cobblestone":66,"minecraft:porkchop":5,"minecraft:bucket":112},"minecraft:dropped":{"sophisticatedbackpacks:upgrade_base":1,"minecraft:iron_sword":2,"iceandfire:raw_silver":2,"minecraft:brown_mushroom":1,"minecraft:baked_potato":3,"quark:deepslate_furnace":4,"minecraft:diamond":9,"minecraft:crafting_table":5,"iceandfire:ice_dragon_flesh":6,"minecraft:leather":1,"iceandfire:ectoplasm":8,"minecraft:cobblestone_stairs":4,"minecraft:emerald":8,"minecraft:flint":1,"minecraft:dirt":267,"iceandfire:sea_serpent_scales_red":7,"minecraft:netherite_scrap":35,"minecraft:snowball":14,"minecraft:gold_nugget":18,"minecraft:sand":57,"minecraft:white_wool":2,"minecraft:blue_bed":1,"minecraft:bone":40,"minecraft:stone_axe":1,"minecraft:blackstone":64,"minecraft:sugar_cane":8,"minecraft:obsidian":1,"minecraft:rotten_flesh":48,"iceandfire:frozen_stone":12,"minecraft:poppy":2,"iceandfire:sapphire_gem":13,"minecraft:deepslate_tiles":1,"minecraft:skeleton_skull":1,"quark:forgotten_hat":5,"farmersdelight:rope":2,"minecraft:iron_bars":1,"minecraft:arrow":24,"minecraft:quartz":41,"iceandfire:manuscript":26,"minecraft:netherrack":1959,"iceandfire:silver_pickaxe":1,"celestisynth:wintereis_shard":5,"farmersdelight:tomato_seeds":6,"minecraft:enchanted_book":3,"minecraft:iron_ingot":28,"iceandfire:dragonscales_sapphire":7,"minecraft:wheat_seeds":9,"minecraft:mossy_cobblestone":15,"minecraft:feather":4,"minecraft:cobblestone":4,"minecraft:book":20,"minecraft:granite":1,"minecraft:spruce_door":5,"minecraft:spruce_stairs":1,"minecraft:coal":17,"minecraft:stick":27,"tombstone:magic_scroll":2,"minecraft:torch":9,"minecraft:wooden_axe":3,"minecraft:diamond_helmet":1,"tombstone:grave_dust":16,"minecraft:heart_of_the_sea":1,"iceandfire:ice_dragon_heart":1,"minecraft:paper":9,"minecraft:bucket":1,"minecraft:spruce_sapling":4,"iceandfire:dragonbone":13,"minecraft:furnace":2,"minecraft:sweet_berries":33,"minecraft:nether_wart":2,"minecraft:raw_iron":33,"iceandfire:dragon_skull_ice":2,"minecraft:spruce_fence":2,"minecraft:pumpkin_seeds":1,"minecraft:flint_and_steel":1,"minecraft:filled_map":2,"minecraft:spruce_boat":2,"minecraft:spruce_trapdoor":20,"minecraft:bundle":1,"minecraft:spruce_planks":55,"iceandfire:silver_ingot":30,"tombstone:essence_of_undeath":4,"minecraft:bow":2,"minecraft:wooden_pickaxe":1,"iceandfire:sea_serpent_fang":15,"minecraft:magma_block":3}},"DataVersion":3465}