{"stats":{"minecraft:broken":{"minecraft:iron_boots":1,"minecraft:iron_leggings":1,"minecraft:iron_sword":1,"minecraft:iron_pickaxe":1,"minecraft:iron_helmet":1},"minecraft:dropped":{"minecraft:enchanted_book":1,"minecraft:iron_ingot":24,"iceandfire:raw_silver":2,"minecraft:iron_sword":1,"minecraft:brown_mushroom":1,"minecraft:wheat_seeds":7,"quark:deepslate_furnace":3,"minecraft:mossy_cobblestone":2,"minecraft:feather":4,"iceandfire:ice_dragon_flesh":6,"minecraft:book":4,"minecraft:granite":1,"iceandfire:ectoplasm":4,"minecraft:spruce_door":1,"minecraft:coal":1,"minecraft:emerald":6,"minecraft:stick":23,"minecraft:flint":1,"iceandfire:sea_serpent_scales_red":7,"minecraft:wooden_axe":2,"minecraft:diamond_helmet":1,"iceandfire:ice_dragon_heart":1,"minecraft:sand":39,"minecraft:spruce_sapling":4,"iceandfire:dragonbone":3,"minecraft:sugar_cane":8,"minecraft:rotten_flesh":1,"iceandfire:frozen_stone":3,"iceandfire:dragon_skull_ice":2,"minecraft:filled_map":2,"minecraft:poppy":2,"minecraft:spruce_boat":1,"minecraft:spruce_planks":21,"iceandfire:silver_ingot":30,"quark:forgotten_hat":3,"minecraft:bow":1,"minecraft:wooden_pickaxe":1,"iceandfire:sea_serpent_fang":10},"minecraft:killed_by":{"minecraft:player":3,"minecraft:enderman":1,"iceandfire:sea_serpent":1,"iceandfire:ice_dragon":5,"minecraft:skeleton":5,"minecraft:zombie":1,"iceandfire:ghost":4},"minecraft:crafted":{"quark:deepslate_furnace":1,"minecraft:iron_boots":1,"minecraft:spruce_boat":2,"minecraft:crafting_table":6,"minecraft:spruce_planks":60,"minecraft:iron_helmet":1,"minecraft:wooden_pickaxe":1,"minecraft:iron_sword":2,"minecraft:bucket":1,"minecraft:air":0,"minecraft:iron_chestplate":1,"minecraft:diamond_pickaxe":1,"minecraft:stick":12,"minecraft:wooden_axe":1,"minecraft:iron_ingot":39,"minecraft:iron_pickaxe":1,"minecraft:iron_leggings":1},"minecraft:mined":{"minecraft:tuff":3,"minecraft:spruce_planks":2,"iceandfire:silver_ore":8,"minecraft:mossy_cobblestone":1,"minecraft:deepslate_diamond_ore":20,"minecraft:cave_vines_plant":11,"minecraft:granite":11,"minecraft:budding_amethyst":1,"iceandfire:frozen_stone":1,"minecraft:grass_block":4,"minecraft:spruce_leaves":35,"minecraft:sandstone":35,"minecraft:large_fern":6,"minecraft:iron_ore":39,"minecraft:cobbled_deepslate":3,"minecraft:iron_bars":1,"minecraft:cave_vines":25,"minecraft:deepslate_iron_ore":50,"minecraft:vine":2,"minecraft:stone":63,"minecraft:glass_pane":1,"minecraft:crafting_table":3,"iceandfire:dragon_ice_spikes":2,"minecraft:calcite":3,"celestisynth:wintereis":2,"iceandfire:sapphire_ore":5,"minecraft:copper_ore":2,"minecraft:tall_grass":1,"minecraft:cobblestone":14,"minecraft:sugar_cane":1,"minecraft:blue_bed":14,"minecraft:amethyst_block":2,"minecraft:sweet_berry_bush":34,"minecraft:ice":9,"minecraft:spruce_log":14,"quark:deepslate_furnace":2,"minecraft:grass":2,"minecraft:coal_ore":19,"minecraft:gravel":2,"minecraft:sand":45,"minecraft:dirt":4,"minecraft:smooth_basalt":2,"minecraft:deepslate":91,"minecraft:fern":6},"minecraft:custom":{"minecraft:mob_kills":75,"minecraft:interact_with_crafting_table":20,"minecraft:time_since_death":6984,"minecraft:climb_one_cm":403,"minecraft:sprint_one_cm":348777,"minecraft:walk_one_cm":450256,"minecraft:drop":64,"tombstone:eaten_lollipop":1,"minecraft:play_time":173312,"minecraft:sneak_time":7203,"minecraft:deaths":23,"minecraft:walk_under_water_one_cm":30187,"minecraft:boat_one_cm":460575,"tombstone:tomb_raiding":7,"minecraft:jump":2822,"minecraft:walk_on_water_one_cm":23393,"minecraft:total_world_time":173312,"minecraft:interact_with_furnace":12,"minecraft:sleep_in_bed":7,"minecraft:time_since_rest":476,"minecraft:waystone_activated":1,"minecraft:damage_taken":7327,"minecraft:damage_absorbed":130,"tombstone:sneak_grave":1,"minecraft:trigger_trapped_chest":5,"minecraft:damage_dealt":20032,"minecraft:player_kills":9,"minecraft:swim_one_cm":27919,"minecraft:fly_one_cm":289747,"minecraft:open_chest":33,"minecraft:crouch_one_cm":15074,"tombstone:undead_killed":52,"minecraft:fall_one_cm":56119},"minecraft:killed":{"minecraft:spider":5,"quark:forgotten":1,"minecraft:skeleton":25,"minecraft:chicken":1,"quark:crab":1,"celestisynth:star_monolith":1,"minecraft:creeper":2,"minecraft:zombie":20,"iceandfire:ghost":6,"iceandfire:ice_dragon":1,"minecraft:cow":3,"iceandfire:sea_serpent":1,"minecraft:enderman":3},"minecraft:used":{"minecraft:tropical_fish":1,"iceandfire:dragon_skull_ice":2,"minecraft:spruce_planks":16,"quark:crab_leg":1,"minecraft:iron_sword":420,"tombstone:lollipop":1,"minecraft:rotten_flesh":3,"minecraft:dirt":14,"minecraft:tuff":4,"minecraft:granite":9,"minecraft:spruce_boat":2,"minecraft:wooden_axe":7,"minecraft:lava_bucket":10,"quark:deepslate_furnace":2,"minecraft:iron_helmet":1,"minecraft:iron_boots":1,"minecraft:bow":4,"minecraft:sweet_berries":55,"minecraft:cooked_cod":3,"tombstone:gift":12,"minecraft:cooked_beef":3,"minecraft:cobbled_deepslate":77,"minecraft:water_bucket":95,"minecraft:wooden_pickaxe":35,"minecraft:sandstone":31,"minecraft:blue_bed":17,"minecraft:glow_berries":21,"minecraft:sand":10,"minecraft:crafting_table":9,"minecraft:spruce_log":8,"minecraft:diamond_pickaxe":99,"minecraft:iron_pickaxe":250,"tombstone:magic_scroll":2,"minecraft:spruce_sapling":2,"tombstone:grave_key":8,"minecraft:gravel":1,"minecraft:cobblestone":66,"minecraft:bucket":106},"minecraft:picked_up":{"minecraft:wooden_axe":2,"minecraft:crafting_table":3,"minecraft:iron_chestplate":1,"minecraft:brown_mushroom":1,"minecraft:enchanted_book":2,"minecraft:raw_copper":6,"minecraft:string":5,"iceandfire:frozen_stone":1,"minecraft:iron_leggings":1,"minecraft:cobbled_deepslate":85,"minecraft:bucket":1,"minecraft:spruce_planks":23,"minecraft:poppy":2,"minecraft:sugar_cane":12,"minecraft:iron_boots":1,"minecraft:stick":24,"minecraft:raw_iron":88,"minecraft:sandstone":31,"iceandfire:dragonbone":3,"quark:deepslate_furnace":5,"tombstone:grave_dust":22,"celestisynth:wintereis_shard":5,"tombstone:lollipop":1,"iceandfire:dragon_skull_ice":3,"iceandfire:silver_ingot":20,"minecraft:arrow":66,"minecraft:rotten_flesh":4,"minecraft:tropical_fish":1,"tombstone:essence_of_undeath":3,"minecraft:glow_berries":19,"minecraft:iron_bars":1,"minecraft:snowball":14,"minecraft:cobblestone":66,"quark:crab_leg":1,"iceandfire:sapphire_gem":5,"minecraft:cooked_beef":4,"iceandfire:sea_serpent_fang":15,"minecraft:leather":8,"minecraft:filled_map":1,"minecraft:flint":1,"minecraft:tuff":4,"minecraft:dirt":17,"minecraft:blue_bed":16,"tombstone:gift":1,"quark:forgotten_hat":1,"minecraft:bone":45,"minecraft:bow":2,"minecraft:wheat_seeds":7,"minecraft:iron_ingot":48,"minecraft:iron_sword":1,"minecraft:book":8,"minecraft:sweet_berries":74,"minecraft:gravel":3,"minecraft:sand":49,"minecraft:spruce_sapling":4,"minecraft:spruce_log":36,"minecraft:spruce_door":1,"minecraft:mossy_cobblestone":2,"minecraft:bundle":2,"minecraft:diamond":39,"minecraft:spruce_boat":1,"waystones:waystone":1,"minecraft:granite":10,"iceandfire:sea_serpent_scales_red":7,"minecraft:emerald":9,"tombstone:magic_scroll":7,"minecraft:coal":20,"iceandfire:raw_silver":18,"minecraft:ender_pearl":1}},"DataVersion":3465}