{"stats":{"minecraft:custom":{"minecraft:interact_with_furnace":14,"minecraft:mob_kills":33,"minecraft:interact_with_crafting_table":9,"minecraft:time_since_death":43166,"minecraft:time_since_rest":43166,"minecraft:waystone_activated":1,"minecraft:sprint_one_cm":99063,"minecraft:damage_taken":720,"minecraft:walk_one_cm":37185,"minecraft:trigger_trapped_chest":2,"minecraft:drop":17,"minecraft:damage_dealt":4666,"tombstone:cast_on_ally":0,"minecraft:swim_one_cm":29777,"minecraft:fly_one_cm":207248,"minecraft:open_chest":4,"minecraft:crouch_one_cm":10832,"tombstone:undead_killed":3,"minecraft:play_time":43166,"minecraft:sneak_time":4833,"minecraft:walk_under_water_one_cm":10607,"minecraft:jump":1061,"minecraft:walk_on_water_one_cm":22323,"minecraft:total_world_time":43166,"minecraft:fall_one_cm":26615},"minecraft:broken":{"minecraft:stone_axe":1},"minecraft:killed":{"minecraft:pig":3,"celestisynth:star_monolith":1,"minecraft:salmon":3,"minecraft:spider":1,"minecraft:cod":2,"minecraft:sheep":4,"iceandfire:ghost":2,"minecraft:chicken":5,"quark:crab":1,"minecraft:drowned":1,"minecraft:cow":10},"minecraft:crafted":{"minecraft:cooked_beef":21,"minecraft:oak_planks":24,"iceandfire:silver_ingot":5,"minecraft:crafting_table":6,"minecraft:spruce_planks":32,"minecraft:wooden_pickaxe":2,"minecraft:cooked_chicken":3,"quark:sturdy_stone":1,"minecraft:furnace":1,"minecraft:stone_axe":2,"minecraft:bread":1,"minecraft:air":0,"minecraft:stick":12,"minecraft:iron_ingot":4,"minecraft:stone_pickaxe":1,"quark:sugar_cane_block":1,"minecraft:dark_oak_planks":8,"minecraft:torch":4},"minecraft:mined":{"iceandfire:silver_ore":5,"minecraft:mossy_cobblestone":1,"minecraft:dark_oak_log":2,"minecraft:torch":1,"minecraft:grass_block":4,"iceandfire:ghost_chest":1,"minecraft:chest":1,"quark:sugar_cane_block":1,"minecraft:tall_grass":1,"minecraft:cobblestone":3,"minecraft:spruce_leaves":9,"minecraft:sugar_cane":6,"minecraft:oak_planks":2,"minecraft:wall_torch":2,"minecraft:skeleton_skull":1,"minecraft:large_fern":1,"quark:hollow_birch_log":1,"minecraft:furnace":2,"farmersdelight:wild_rice":6,"minecraft:iron_ore":4,"minecraft:sweet_berry_bush":10,"minecraft:spruce_log":8,"minecraft:grass":9,"minecraft:vine":4,"minecraft:coal_ore":46,"minecraft:oak_log":6,"quark:sturdy_stone":1,"minecraft:iron_bars":1,"minecraft:sand":1,"minecraft:dirt":13,"minecraft:stone":52,"minecraft:oak_leaves":6},"minecraft:picked_up":{"quark:crab_leg":1,"minecraft:wheat":4,"minecraft:feather":6,"farmersdelight:rice":6,"minecraft:chicken":4,"minecraft:salmon":3,"minecraft:leather":13,"minecraft:filled_map":1,"minecraft:wither_rose":1,"iceandfire:ectoplasm":2,"minecraft:oak_log":6,"minecraft:dirt":17,"minecraft:bone":1,"iceandfire:graveyard_soil":1,"minecraft:gold_nugget":9,"minecraft:beef":21,"minecraft:cobweb":8,"minecraft:sugar_cane":10,"minecraft:chest":1,"minecraft:oak_planks":2,"minecraft:furnace":2,"minecraft:egg":2,"minecraft:stick":1,"minecraft:raw_iron":4,"iceandfire:ghost_chest":1,"minecraft:sweet_berries":23,"minecraft:torch":3,"minecraft:porkchop":6,"minecraft:sand":1,"tombstone:grave_dust":2,"minecraft:spruce_log":8,"minecraft:dark_oak_log":2,"tombstone:scroll_of_purification":1,"minecraft:arrow":2,"quark:sturdy_stone":1,"minecraft:rotten_flesh":1,"quark:hollow_birch_log":1,"iceandfire:raw_silver":5,"minecraft:white_wool":3,"minecraft:mutton":11,"minecraft:iron_bars":6,"minecraft:cod":2,"minecraft:coal":112,"minecraft:skeleton_skull":1,"quark:sugar_cane_block":2,"minecraft:cobblestone":59},"minecraft:used":{"quark:sturdy_stone":1,"minecraft:stone_pickaxe":107,"minecraft:oak_planks":5,"minecraft:wooden_pickaxe":34,"quark:crab_leg":1,"minecraft:cooked_chicken":3,"minecraft:rotten_flesh":5,"minecraft:torch":6,"minecraft:dirt":17,"minecraft:sand":1,"minecraft:mutton":1,"minecraft:crafting_table":6,"quark:sugar_cane_block":1,"minecraft:bread":1,"minecraft:stone_axe":111,"minecraft:cobblestone":12,"minecraft:sweet_berries":30,"minecraft:furnace":3,"minecraft:egg":2,"minecraft:cooked_beef":3},"minecraft:dropped":{"minecraft:sugar_cane":1,"quark:hollow_birch_log":1,"minecraft:wheat":1,"minecraft:chicken":1,"minecraft:rotten_flesh":4,"minecraft:stick":2,"minecraft:cobweb":8,"quark:sugar_cane_block":2,"minecraft:iron_bars":6,"minecraft:arrow":1,"minecraft:wooden_pickaxe":2,"minecraft:dark_oak_planks":4,"minecraft:bone":1}},"DataVersion":3465}