{"stats":{"minecraft:custom":{"minecraft:interact_with_furnace":7,"minecraft:mob_kills":19,"minecraft:interact_with_crafting_table":9,"minecraft:time_since_death":31166,"minecraft:time_since_rest":31166,"minecraft:waystone_activated":1,"minecraft:sprint_one_cm":69697,"minecraft:damage_taken":510,"minecraft:walk_one_cm":25582,"minecraft:trigger_trapped_chest":2,"minecraft:drop":6,"minecraft:damage_dealt":2986,"tombstone:cast_on_ally":0,"minecraft:swim_one_cm":29777,"minecraft:fly_one_cm":169165,"minecraft:open_chest":4,"minecraft:crouch_one_cm":7357,"tombstone:undead_killed":3,"minecraft:play_time":31166,"minecraft:sneak_time":3447,"minecraft:walk_under_water_one_cm":9907,"minecraft:jump":763,"minecraft:walk_on_water_one_cm":15769,"minecraft:total_world_time":31166,"minecraft:fall_one_cm":17973},"minecraft:broken":{"minecraft:stone_axe":1},"minecraft:killed":{"minecraft:pig":2,"celestisynth:star_monolith":1,"minecraft:salmon":3,"minecraft:cod":2,"minecraft:sheep":2,"iceandfire:ghost":2,"minecraft:chicken":5,"quark:crab":1,"minecraft:drowned":1},"minecraft:crafted":{"minecraft:oak_planks":24,"minecraft:crafting_table":6,"minecraft:spruce_planks":32,"minecraft:wooden_pickaxe":2,"minecraft:cooked_chicken":3,"quark:sturdy_stone":1,"minecraft:furnace":1,"minecraft:stone_axe":2,"minecraft:bread":1,"minecraft:air":0,"minecraft:stick":12,"minecraft:stone_pickaxe":1,"quark:sugar_cane_block":1,"minecraft:dark_oak_planks":8},"minecraft:mined":{"minecraft:mossy_cobblestone":1,"minecraft:dark_oak_log":2,"minecraft:grass_block":4,"iceandfire:ghost_chest":1,"minecraft:chest":1,"quark:sugar_cane_block":1,"minecraft:tall_grass":1,"minecraft:cobblestone":1,"minecraft:spruce_leaves":9,"minecraft:sugar_cane":6,"minecraft:oak_planks":2,"minecraft:skeleton_skull":1,"minecraft:large_fern":1,"quark:hollow_birch_log":1,"minecraft:furnace":1,"farmersdelight:wild_rice":6,"minecraft:sweet_berry_bush":10,"minecraft:spruce_log":8,"minecraft:grass":7,"minecraft:vine":4,"minecraft:coal_ore":20,"minecraft:oak_log":6,"quark:sturdy_stone":1,"minecraft:iron_bars":1,"minecraft:sand":1,"minecraft:dirt":13,"minecraft:stone":43,"minecraft:oak_leaves":6},"minecraft:picked_up":{"quark:crab_leg":1,"minecraft:wheat":4,"minecraft:feather":6,"farmersdelight:rice":6,"minecraft:chicken":4,"minecraft:salmon":3,"minecraft:leather":1,"minecraft:filled_map":1,"minecraft:wither_rose":1,"iceandfire:ectoplasm":2,"minecraft:oak_log":6,"minecraft:dirt":17,"minecraft:bone":1,"iceandfire:graveyard_soil":1,"minecraft:gold_nugget":9,"minecraft:cobweb":4,"minecraft:sugar_cane":10,"minecraft:chest":1,"minecraft:oak_planks":2,"minecraft:furnace":1,"minecraft:egg":2,"minecraft:stick":1,"iceandfire:ghost_chest":1,"minecraft:sweet_berries":23,"minecraft:porkchop":4,"minecraft:sand":1,"tombstone:grave_dust":2,"minecraft:spruce_log":8,"minecraft:dark_oak_log":2,"tombstone:scroll_of_purification":1,"minecraft:arrow":1,"quark:sturdy_stone":1,"minecraft:rotten_flesh":1,"quark:hollow_birch_log":1,"minecraft:white_wool":2,"minecraft:mutton":3,"minecraft:iron_bars":3,"minecraft:cod":2,"minecraft:coal":54,"minecraft:skeleton_skull":1,"quark:sugar_cane_block":1,"minecraft:cobblestone":43},"minecraft:used":{"quark:sturdy_stone":1,"minecraft:stone_pickaxe":57,"minecraft:oak_planks":5,"minecraft:wooden_pickaxe":34,"quark:crab_leg":1,"minecraft:cooked_chicken":3,"minecraft:rotten_flesh":3,"minecraft:dirt":11,"minecraft:sand":1,"minecraft:crafting_table":6,"quark:sugar_cane_block":1,"minecraft:bread":1,"minecraft:stone_axe":87,"minecraft:cobblestone":1,"minecraft:sweet_berries":30,"minecraft:furnace":1,"minecraft:egg":1},"minecraft:dropped":{"minecraft:sugar_cane":1,"quark:hollow_birch_log":1,"minecraft:wooden_pickaxe":2,"minecraft:dark_oak_planks":4,"minecraft:bone":1}},"DataVersion":3465}