{"stats":{"minecraft:killed_by":{"iceandfire:sea_serpent":3,"minecraft:skeleton":2},"minecraft:custom":{"minecraft:mob_kills":45,"minecraft:interact_with_crafting_table":20,"minecraft:time_since_death":1892,"minecraft:climb_one_cm":246,"minecraft:sprint_one_cm":231603,"minecraft:walk_one_cm":92729,"minecraft:drop":42,"minecraft:damage_dealt_absorbed":80,"minecraft:talked_to_villager":1,"minecraft:deaths":6,"minecraft:play_time":103166,"minecraft:sneak_time":9519,"minecraft:walk_under_water_one_cm":19012,"minecraft:boat_one_cm":333254,"minecraft:jump":2251,"minecraft:walk_on_water_one_cm":42387,"minecraft:total_world_time":103166,"minecraft:interact_with_furnace":20,"minecraft:interact_with_stonecutter":2,"minecraft:time_since_rest":1639,"minecraft:waystone_activated":1,"minecraft:damage_taken":3205,"tombstone:sneak_grave":2,"minecraft:trigger_trapped_chest":2,"minecraft:damage_dealt":7286,"tombstone:cast_on_ally":0,"minecraft:swim_one_cm":106834,"minecraft:fly_one_cm":478679,"minecraft:open_chest":25,"minecraft:crouch_one_cm":25898,"tombstone:undead_killed":13,"minecraft:fall_one_cm":48754},"minecraft:broken":{"minecraft:stone_axe":2},"minecraft:killed":{"minecraft:spider":1,"minecraft:cod":2,"minecraft:chicken":5,"quark:crab":1,"minecraft:drowned":1,"minecraft:pig":3,"celestisynth:star_monolith":1,"minecraft:salmon":3,"minecraft:wandering_trader":1,"minecraft:sheep":4,"minecraft:trader_llama":1,"minecraft:zombie":10,"iceandfire:ghost":2,"minecraft:cow":10},"minecraft:crafted":{"minecraft:oak_planks":24,"minecraft:cooked_chicken":3,"quark:sturdy_stone":1,"minecraft:furnace":1,"minecraft:cooked_mutton":3,"quark:sugar_cane_block":1,"minecraft:stone_pickaxe":1,"minecraft:spruce_boat":1,"minecraft:dark_oak_planks":8,"minecraft:cooked_beef":21,"iceandfire:silver_ingot":5,"minecraft:crafting_table":11,"minecraft:spruce_planks":44,"farmersdelight:iron_knife":1,"minecraft:wooden_pickaxe":2,"minecraft:stone_axe":2,"minecraft:bread":1,"minecraft:air":0,"minecraft:oak_boat":1,"iceandfire:armor_silver_metal_helmet":1,"minecraft:stick":20,"minecraft:iron_ingot":8,"minecraft:iron_pickaxe":1,"minecraft:stone_sword":1,"minecraft:torch":8},"minecraft:picked_up":{"minecraft:wheat":4,"minecraft:chicken":4,"minecraft:lead":2,"minecraft:wither_rose":2,"minecraft:raw_copper":27,"iceandfire:graveyard_soil":2,"minecraft:cracked_stone_bricks":3,"minecraft:deepslate_tiles":1,"minecraft:gold_nugget":9,"minecraft:cobbled_deepslate":2,"minecraft:beef":21,"minecraft:oak_boat":1,"minecraft:sugar_cane":10,"minecraft:chest":1,"minecraft:egg":2,"minecraft:furnace":4,"minecraft:stick":4,"minecraft:raw_iron":8,"iceandfire:ghost_chest":1,"minecraft:torch":5,"sophisticatedbackpacks:backpack":3,"minecraft:porkchop":6,"tombstone:grave_dust":2,"minecraft:carrot":2,"minecraft:redstone":8,"tombstone:scroll_of_purification":1,"minecraft:rotten_flesh":10,"minecraft:arrow":2,"quark:sturdy_stone":1,"quark:sugar_cane_block":2,"minecraft:mutton":11,"minecraft:skeleton_skull":2,"minecraft:iron_bars":6,"minecraft:cod":2,"minecraft:white_wool":3,"minecraft:cobblestone":79,"quark:crab_leg":1,"minecraft:feather":6,"farmersdelight:rice":6,"minecraft:salmon":3,"minecraft:andesite":3,"minecraft:leather":13,"minecraft:filled_map":1,"minecraft:oak_log":6,"iceandfire:ectoplasm":2,"minecraft:dirt":32,"minecraft:cooked_mutton":2,"minecraft:bone":1,"minecraft:stonecutter":2,"minecraft:bell":1,"minecraft:cobweb":8,"minecraft:oak_planks":2,"minecraft:sweet_berries":23,"minecraft:stone_brick_slab":1,"minecraft:gravel":4,"minecraft:sand":2,"minecraft:spruce_sapling":4,"minecraft:spruce_log":108,"minecraft:dark_oak_log":2,"minecraft:spruce_boat":2,"minecraft:granite":5,"quark:hollow_birch_log":1,"minecraft:bread":8,"minecraft:coal":163,"iceandfire:raw_silver":18},"minecraft:mined":{"minecraft:deepslate_tiles":1,"iceandfire:silver_ore":18,"minecraft:mossy_cobblestone":1,"minecraft:dark_oak_log":2,"minecraft:granite":5,"minecraft:grass_block":4,"quark:sugar_cane_block":1,"minecraft:spruce_leaves":91,"quark:hollow_birch_log":1,"minecraft:large_fern":5,"minecraft:redstone_ore":2,"minecraft:furnace":4,"farmersdelight:wild_rice":6,"minecraft:iron_ore":8,"minecraft:andesite":3,"minecraft:bell":1,"minecraft:skeleton_wall_skull":1,"quark:sturdy_stone":1,"minecraft:vine":5,"minecraft:iron_bars":1,"minecraft:stone":74,"sophisticatedbackpacks:backpack":1,"minecraft:stone_brick_slab":1,"minecraft:torch":2,"iceandfire:ghost_chest":1,"minecraft:chest":1,"minecraft:copper_ore":11,"minecraft:tall_grass":2,"minecraft:cobblestone":6,"minecraft:oak_planks":2,"minecraft:sugar_cane":6,"minecraft:diorite":1,"minecraft:wall_torch":3,"minecraft:skeleton_skull":1,"minecraft:seagrass":1,"minecraft:sweet_berry_bush":10,"minecraft:spruce_log":41,"minecraft:grass":9,"minecraft:oak_log":6,"minecraft:coal_ore":51,"minecraft:dirt":21,"minecraft:gravel":4,"minecraft:sand":3,"minecraft:cracked_stone_bricks":3,"minecraft:stonecutter":2,"minecraft:oak_leaves":6,"minecraft:deepslate":2,"minecraft:fern":2},"minecraft:used":{"quark:sturdy_stone":2,"minecraft:stone_sword":64,"minecraft:spruce_planks":1,"quark:crab_leg":1,"minecraft:cooked_chicken":3,"minecraft:rotten_flesh":5,"minecraft:torch":11,"minecraft:dirt":148,"minecraft:mutton":1,"iceandfire:armor_silver_metal_helmet":1,"minecraft:granite":4,"minecraft:spruce_boat":2,"quark:sugar_cane_block":1,"minecraft:sweet_berries":30,"minecraft:furnace":5,"tombstone:gift":4,"minecraft:skeleton_skull":1,"minecraft:egg":2,"minecraft:cooked_beef":11,"minecraft:cooked_mutton":2,"farmersdelight:iron_knife":1,"minecraft:stone_pickaxe":108,"minecraft:oak_planks":5,"minecraft:wooden_pickaxe":34,"minecraft:stonecutter":1,"minecraft:white_wool":3,"minecraft:sand":1,"minecraft:crafting_table":11,"minecraft:deepslate_tiles":1,"sophisticatedbackpacks:backpack":1,"minecraft:bread":9,"minecraft:iron_pickaxe":94,"iceandfire:graveyard_soil":3,"tombstone:grave_key":1,"minecraft:stone_axe":194,"minecraft:cobblestone":31,"minecraft:oak_boat":1},"minecraft:dropped":{"farmersdelight:iron_knife":1,"minecraft:cooked_beef":6,"quark:hollow_birch_log":1,"minecraft:cracked_stone_bricks":3,"iceandfire:graveyard_soil":1,"minecraft:stick":5,"minecraft:cobweb":8,"minecraft:dirt":6,"minecraft:wither_rose":1,"minecraft:gold_nugget":9,"minecraft:sand":1,"iceandfire:armor_silver_metal_helmet":1,"minecraft:dark_oak_planks":4,"minecraft:bone":1,"minecraft:gravel":4,"minecraft:sugar_cane":1,"minecraft:cobbled_deepslate":2,"minecraft:wheat":1,"minecraft:chicken":1,"minecraft:rotten_flesh":4,"minecraft:oak_planks":1,"sophisticatedbackpacks:backpack":1,"minecraft:cooked_mutton":3,"minecraft:carrot":1,"quark:sugar_cane_block":2,"minecraft:spruce_planks":3,"minecraft:iron_bars":6,"minecraft:stone_pickaxe":1,"minecraft:arrow":2,"minecraft:wooden_pickaxe":2}},"DataVersion":3465}