{"stats":{"minecraft:killed_by":{"iceandfire:sea_serpent":3,"minecraft:skeleton":1},"minecraft:custom":{"minecraft:mob_kills":35,"minecraft:interact_with_crafting_table":15,"minecraft:time_since_death":10556,"minecraft:climb_one_cm":246,"minecraft:sprint_one_cm":187229,"minecraft:walk_one_cm":63843,"minecraft:drop":31,"minecraft:talked_to_villager":1,"minecraft:deaths":4,"minecraft:play_time":79166,"minecraft:sneak_time":5966,"minecraft:walk_under_water_one_cm":18918,"minecraft:boat_one_cm":333254,"minecraft:jump":1906,"minecraft:walk_on_water_one_cm":42272,"minecraft:total_world_time":79166,"minecraft:interact_with_furnace":15,"minecraft:interact_with_stonecutter":1,"minecraft:time_since_rest":10286,"minecraft:waystone_activated":1,"minecraft:damage_taken":2100,"tombstone:sneak_grave":1,"minecraft:trigger_trapped_chest":2,"minecraft:damage_dealt":5189,"tombstone:cast_on_ally":0,"minecraft:swim_one_cm":106556,"minecraft:fly_one_cm":437941,"minecraft:open_chest":25,"minecraft:crouch_one_cm":14135,"tombstone:undead_killed":3,"minecraft:fall_one_cm":40095},"minecraft:broken":{"minecraft:stone_axe":1},"minecraft:killed":{"minecraft:spider":1,"minecraft:cod":2,"minecraft:chicken":5,"quark:crab":1,"minecraft:drowned":1,"minecraft:pig":3,"celestisynth:star_monolith":1,"minecraft:salmon":3,"minecraft:wandering_trader":1,"minecraft:sheep":4,"minecraft:trader_llama":1,"iceandfire:ghost":2,"minecraft:cow":10},"minecraft:crafted":{"minecraft:oak_planks":24,"minecraft:cooked_chicken":3,"quark:sturdy_stone":1,"minecraft:furnace":1,"minecraft:cooked_mutton":3,"quark:sugar_cane_block":1,"minecraft:stone_pickaxe":1,"minecraft:spruce_boat":1,"minecraft:dark_oak_planks":8,"minecraft:cooked_beef":21,"iceandfire:silver_ingot":5,"minecraft:crafting_table":10,"minecraft:spruce_planks":44,"farmersdelight:iron_knife":1,"minecraft:wooden_pickaxe":2,"minecraft:stone_axe":2,"minecraft:bread":1,"minecraft:air":0,"minecraft:oak_boat":1,"iceandfire:armor_silver_metal_helmet":1,"minecraft:stick":16,"minecraft:iron_ingot":4,"minecraft:iron_pickaxe":1,"minecraft:stone_sword":1,"minecraft:torch":4},"minecraft:picked_up":{"minecraft:wheat":4,"minecraft:chicken":4,"minecraft:lead":2,"minecraft:wither_rose":1,"iceandfire:graveyard_soil":2,"minecraft:cracked_stone_bricks":3,"minecraft:deepslate_tiles":1,"minecraft:gold_nugget":9,"minecraft:cobbled_deepslate":2,"minecraft:beef":21,"minecraft:oak_boat":1,"minecraft:sugar_cane":10,"minecraft:chest":1,"minecraft:egg":2,"minecraft:furnace":3,"minecraft:stick":1,"minecraft:raw_iron":4,"iceandfire:ghost_chest":1,"minecraft:torch":5,"minecraft:porkchop":6,"tombstone:grave_dust":2,"minecraft:carrot":1,"minecraft:redstone":8,"tombstone:scroll_of_purification":1,"minecraft:rotten_flesh":1,"minecraft:arrow":2,"quark:sturdy_stone":1,"quark:sugar_cane_block":2,"minecraft:mutton":11,"minecraft:skeleton_skull":2,"minecraft:iron_bars":6,"minecraft:cod":2,"minecraft:white_wool":3,"minecraft:cobblestone":65,"quark:crab_leg":1,"minecraft:feather":6,"farmersdelight:rice":6,"minecraft:salmon":3,"minecraft:andesite":2,"minecraft:leather":13,"minecraft:filled_map":1,"minecraft:oak_log":6,"iceandfire:ectoplasm":2,"minecraft:dirt":25,"minecraft:cooked_mutton":2,"minecraft:bone":1,"minecraft:stonecutter":1,"minecraft:bell":1,"minecraft:cobweb":8,"minecraft:oak_planks":2,"minecraft:sweet_berries":23,"minecraft:stone_brick_slab":1,"minecraft:gravel":4,"minecraft:sand":2,"minecraft:spruce_log":11,"minecraft:dark_oak_log":2,"minecraft:spruce_boat":2,"minecraft:granite":4,"quark:hollow_birch_log":1,"minecraft:bread":8,"minecraft:coal":158,"iceandfire:raw_silver":5},"minecraft:mined":{"minecraft:deepslate_tiles":1,"iceandfire:silver_ore":5,"minecraft:mossy_cobblestone":1,"minecraft:dark_oak_log":2,"minecraft:granite":4,"minecraft:grass_block":4,"quark:sugar_cane_block":1,"minecraft:spruce_leaves":9,"quark:hollow_birch_log":1,"minecraft:large_fern":3,"minecraft:redstone_ore":2,"minecraft:furnace":3,"farmersdelight:wild_rice":6,"minecraft:iron_ore":4,"minecraft:andesite":2,"minecraft:bell":1,"minecraft:skeleton_wall_skull":1,"quark:sturdy_stone":1,"minecraft:vine":5,"minecraft:iron_bars":1,"minecraft:stone":55,"minecraft:stone_brick_slab":1,"minecraft:torch":2,"iceandfire:ghost_chest":1,"minecraft:chest":1,"minecraft:tall_grass":1,"minecraft:cobblestone":6,"minecraft:oak_planks":2,"minecraft:sugar_cane":6,"minecraft:wall_torch":3,"minecraft:skeleton_skull":1,"minecraft:seagrass":1,"minecraft:sweet_berry_bush":10,"minecraft:spruce_log":9,"minecraft:grass":9,"minecraft:oak_log":6,"minecraft:coal_ore":46,"minecraft:dirt":13,"minecraft:gravel":4,"minecraft:sand":3,"minecraft:cracked_stone_bricks":3,"minecraft:stonecutter":1,"minecraft:oak_leaves":6,"minecraft:deepslate":2},"minecraft:used":{"quark:sturdy_stone":2,"minecraft:stone_sword":7,"minecraft:spruce_planks":1,"quark:crab_leg":1,"minecraft:cooked_chicken":3,"minecraft:rotten_flesh":5,"minecraft:torch":8,"minecraft:dirt":19,"minecraft:mutton":1,"iceandfire:armor_silver_metal_helmet":1,"minecraft:granite":4,"minecraft:spruce_boat":2,"quark:sugar_cane_block":1,"minecraft:sweet_berries":30,"minecraft:furnace":3,"tombstone:gift":2,"minecraft:skeleton_skull":1,"minecraft:egg":2,"minecraft:cooked_beef":5,"minecraft:cooked_mutton":2,"farmersdelight:iron_knife":1,"minecraft:stone_pickaxe":108,"minecraft:oak_planks":5,"minecraft:wooden_pickaxe":34,"minecraft:white_wool":3,"minecraft:sand":1,"minecraft:crafting_table":10,"minecraft:deepslate_tiles":1,"minecraft:bread":5,"minecraft:iron_pickaxe":28,"iceandfire:graveyard_soil":3,"minecraft:stone_axe":111,"minecraft:cobblestone":31,"minecraft:oak_boat":1},"minecraft:dropped":{"farmersdelight:iron_knife":1,"quark:hollow_birch_log":1,"minecraft:cracked_stone_bricks":3,"iceandfire:graveyard_soil":1,"minecraft:stick":2,"minecraft:cobweb":8,"minecraft:dirt":6,"minecraft:sand":1,"iceandfire:armor_silver_metal_helmet":1,"minecraft:dark_oak_planks":4,"minecraft:bone":1,"minecraft:gravel":4,"minecraft:sugar_cane":1,"minecraft:cobbled_deepslate":2,"minecraft:wheat":1,"minecraft:chicken":1,"minecraft:rotten_flesh":4,"minecraft:oak_planks":1,"minecraft:cooked_mutton":3,"minecraft:carrot":1,"quark:sugar_cane_block":2,"minecraft:spruce_planks":3,"minecraft:iron_bars":6,"minecraft:stone_pickaxe":1,"minecraft:arrow":1,"minecraft:wooden_pickaxe":2}},"DataVersion":3465}