{"stats":{"minecraft:custom":{"minecraft:time_since_rest":13166,"minecraft:waystone_activated":1,"minecraft:sprint_one_cm":24398,"minecraft:damage_taken":190,"minecraft:walk_one_cm":5811,"minecraft:mob_kills":2,"minecraft:damage_dealt":593,"tombstone:cast_on_ally":0,"minecraft:swim_one_cm":20859,"minecraft:interact_with_crafting_table":3,"minecraft:fly_one_cm":50709,"minecraft:crouch_one_cm":2594,"minecraft:play_time":13166,"tombstone:undead_killed":1,"minecraft:sneak_time":1544,"minecraft:walk_under_water_one_cm":4483,"minecraft:jump":260,"minecraft:time_since_death":13166,"minecraft:walk_on_water_one_cm":9422,"minecraft:total_world_time":13166,"minecraft:fall_one_cm":6600},"minecraft:killed":{"quark:crab":1,"minecraft:drowned":1},"minecraft:crafted":{"minecraft:crafting_table":3,"minecraft:spruce_planks":32,"minecraft:stick":8,"minecraft:wooden_pickaxe":1,"minecraft:stone_pickaxe":1,"minecraft:stone_axe":1},"minecraft:picked_up":{"quark:crab_leg":1,"minecraft:stick":1,"minecraft:wheat":4,"farmersdelight:rice":6,"minecraft:sweet_berries":23,"minecraft:filled_map":1,"minecraft:sand":1,"minecraft:spruce_log":8,"tombstone:scroll_of_purification":1,"minecraft:rotten_flesh":1,"quark:hollow_birch_log":1,"minecraft:sugar_cane":10,"minecraft:chest":1,"minecraft:coal":28,"minecraft:cobblestone":10},"minecraft:mined":{"quark:hollow_birch_log":1,"farmersdelight:wild_rice":6,"minecraft:sweet_berry_bush":10,"minecraft:spruce_log":8,"minecraft:coal_ore":20,"minecraft:chest":1,"minecraft:sand":1,"minecraft:spruce_leaves":9,"minecraft:stone":10,"minecraft:sugar_cane":6},"minecraft:used":{"minecraft:stone_pickaxe":13,"quark:crab_leg":1,"minecraft:wooden_pickaxe":34,"minecraft:stone_axe":7,"minecraft:sweet_berries":15,"minecraft:crafting_table":3}},"DataVersion":3465}