{"stats":{"minecraft:custom":{"minecraft:jump":15,"minecraft:time_since_rest":4560,"minecraft:walk_on_water_one_cm":1994,"minecraft:leave_game":2,"minecraft:play_time":4560,"minecraft:sprint_one_cm":239,"minecraft:damage_taken":50,"minecraft:time_since_death":4560,"minecraft:walk_one_cm":579,"minecraft:sneak_time":72,"minecraft:total_world_time":4560,"minecraft:walk_under_water_one_cm":1443,"minecraft:swim_one_cm":4894,"minecraft:fall_one_cm":835,"minecraft:fly_one_cm":1067}},"DataVersion":3465}