{"stats":{"minecraft:broken":{"minecraft:stone_axe":1},"minecraft:dropped":{"minecraft:moss_carpet":8,"minecraft:sugar_cane":2,"minecraft:porkchop":1,"quark:hollow_birch_log":3,"minecraft:cobblestone":6,"minecraft:leather":1,"iceandfire:ectoplasm":2,"minecraft:dirt":2,"quark:hollow_oak_log":4,"minecraft:skeleton_skull":2,"minecraft:mutton":5,"minecraft:stone_bricks":2,"minecraft:wither_rose":1,"minecraft:bone_block":6,"minecraft:sand":17,"minecraft:iron_bars":2,"minecraft:spruce_sapling":1},"minecraft:killed_by":{"minecraft:creeper":1,"iceandfire:ghost":2},"minecraft:crafted":{"minecraft:oak_planks":48,"minecraft:cooked_porkchop":1,"minecraft:crafting_table":3,"minecraft:spruce_planks":48,"minecraft:wooden_pickaxe":1,"minecraft:spruce_door":3,"minecraft:furnace":4,"minecraft:stone_axe":2,"minecraft:cooked_mutton":3,"minecraft:air":0,"minecraft:oak_boat":2,"iceandfire:bestiary":2,"minecraft:stick":8,"minecraft:stone_pickaxe":1},"minecraft:mined":{"minecraft:oak_fence":2,"minecraft:crafting_table":2,"minecraft:grass_block":3,"minecraft:chest":2,"minecraft:spruce_leaves":5,"minecraft:sugar_cane":3,"quark:hollow_birch_log":3,"minecraft:furnace":3,"minecraft:ice":2,"minecraft:spruce_log":12,"minecraft:wither_rose":1,"minecraft:grass":2,"minecraft:oak_log":13,"iceandfire:gold_pile":15,"minecraft:vine":1,"minecraft:iron_bars":2,"minecraft:sand":1,"minecraft:dirt":2,"quark:hollow_oak_log":4,"minecraft:packed_ice":2,"minecraft:stone":47,"minecraft:stone_bricks":2,"minecraft:bone_block":6,"minecraft:oak_leaves":1,"minecraft:fern":1},"minecraft:custom":{"minecraft:interact_with_furnace":8,"minecraft:mob_kills":20,"minecraft:interact_with_crafting_table":8,"minecraft:leave_game":3,"minecraft:time_since_death":21761,"minecraft:time_since_rest":21655,"minecraft:sprint_one_cm":85039,"minecraft:damage_taken":1440,"minecraft:walk_one_cm":22863,"tombstone:sneak_grave":1,"minecraft:trigger_trapped_chest":3,"minecraft:drop":18,"minecraft:damage_dealt":3904,"minecraft:swim_one_cm":56627,"minecraft:fly_one_cm":164621,"minecraft:open_chest":14,"minecraft:play_time":38250,"minecraft:crouch_one_cm":13044,"minecraft:sneak_time":5771,"tombstone:undead_killed":3,"minecraft:deaths":3,"minecraft:walk_under_water_one_cm":16939,"minecraft:boat_one_cm":181164,"minecraft:jump":688,"minecraft:walk_on_water_one_cm":14072,"minecraft:total_world_time":38250,"minecraft:fall_one_cm":13907},"minecraft:killed":{"minecraft:pig":4,"iceandfire:cyclops":1,"minecraft:sheep":12,"iceandfire:ghost":3},"minecraft:picked_up":{"minecraft:crafting_table":2,"minecraft:yellow_wool":1,"minecraft:leather":1,"minecraft:packed_ice":1,"quark:hollow_oak_log":4,"minecraft:wither_rose":1,"minecraft:oak_log":12,"minecraft:dirt":4,"minecraft:moss_carpet":8,"minecraft:cooked_mutton":13,"minecraft:stone_bricks":2,"minecraft:gold_nugget":132,"minecraft:oak_boat":4,"minecraft:sugar_cane":2,"minecraft:chest":2,"minecraft:oak_planks":15,"minecraft:furnace":3,"minecraft:oak_fence":2,"minecraft:porkchop":7,"minecraft:sand":17,"minecraft:spruce_sapling":1,"tombstone:grave_dust":1,"minecraft:spruce_log":12,"minecraft:diamond":1,"iceandfire:silver_sword":1,"waystones:waystone":1,"quark:hollow_birch_log":3,"minecraft:mutton":31,"iceandfire:silver_nugget":20,"minecraft:iron_bars":2,"minecraft:bone_block":6,"minecraft:white_wool":12,"minecraft:cobblestone":47},"minecraft:used":{"minecraft:cooked_mutton":6,"minecraft:spruce_door":2,"minecraft:stone_pickaxe":71,"minecraft:spruce_planks":26,"minecraft:wooden_pickaxe":10,"minecraft:rotten_flesh":1,"minecraft:dirt":2,"minecraft:mutton":5,"minecraft:crafting_table":4,"tombstone:grave_key":2,"minecraft:stone_axe":142,"minecraft:furnace":3,"minecraft:porkchop":4,"tombstone:gift":5,"minecraft:oak_boat":4}},"DataVersion":3465}