{"stats":{"minecraft:broken":{"minecraft:stone_axe":1},"minecraft:dropped":{"minecraft:iron_ingot":98,"minecraft:furnace":4,"minecraft:moss_carpet":8,"minecraft:sweet_berries":1,"minecraft:sugar_cane":2,"minecraft:porkchop":1,"quark:hollow_birch_log":3,"minecraft:cooked_porkchop":1,"minecraft:raw_iron":1,"minecraft:cobblestone":10,"minecraft:book":1,"minecraft:leather":1,"iceandfire:ectoplasm":2,"minecraft:spruce_door":1,"minecraft:dirt":4,"minecraft:packed_ice":1,"minecraft:spruce_planks":1,"quark:hollow_oak_log":4,"minecraft:skeleton_skull":2,"minecraft:chainmail_boots":1,"minecraft:iron_chestplate":1,"minecraft:mutton":5,"minecraft:chest":2,"tombstone:grave_dust":4,"waystones:waystone":1,"minecraft:stone_bricks":2,"minecraft:wither_rose":1,"minecraft:bone_block":6,"minecraft:sand":17,"minecraft:iron_bars":2,"minecraft:iron_pickaxe":1,"minecraft:spruce_sapling":1},"minecraft:killed_by":{"minecraft:player":2,"iceandfire:ice_dragon":1,"minecraft:creeper":1,"iceandfire:ghost":2},"minecraft:crafted":{"minecraft:oak_planks":48,"minecraft:cooked_porkchop":1,"minecraft:crafting_table":4,"minecraft:spruce_planks":88,"minecraft:wooden_pickaxe":1,"minecraft:spruce_door":3,"minecraft:furnace":4,"minecraft:stone_axe":2,"minecraft:cooked_mutton":3,"minecraft:air":0,"minecraft:oak_boat":2,"iceandfire:bestiary":2,"minecraft:iron_axe":1,"minecraft:white_bed":1,"minecraft:stick":12,"minecraft:stone_pickaxe":1},"minecraft:mined":{"minecraft:white_bed":1,"minecraft:kelp_plant":1,"minecraft:spruce_door":1,"minecraft:powder_snow":27,"minecraft:oak_fence":2,"minecraft:crafting_table":3,"minecraft:grass_block":4,"minecraft:chest":2,"minecraft:spruce_leaves":11,"minecraft:sugar_cane":3,"minecraft:large_fern":1,"quark:hollow_birch_log":3,"minecraft:furnace":3,"minecraft:gravel":3,"minecraft:iron_ore":1,"minecraft:ice":4,"minecraft:spruce_log":21,"minecraft:wither_rose":1,"quark:indigo_corundum":1,"minecraft:grass":2,"minecraft:oak_log":13,"iceandfire:gold_pile":15,"minecraft:vine":1,"minecraft:iron_bars":2,"minecraft:sand":1,"minecraft:dirt":18,"quark:hollow_oak_log":4,"minecraft:packed_ice":4,"minecraft:stone":50,"minecraft:stone_bricks":2,"minecraft:bone_block":6,"minecraft:oak_leaves":1,"minecraft:fern":1},"minecraft:custom":{"minecraft:interact_with_furnace":8,"minecraft:mob_kills":25,"minecraft:interact_with_crafting_table":13,"minecraft:leave_game":3,"minecraft:time_since_death":7173,"minecraft:time_since_rest":6971,"minecraft:sprint_one_cm":155581,"minecraft:damage_taken":3042,"minecraft:walk_one_cm":41347,"tombstone:sneak_grave":1,"minecraft:trigger_trapped_chest":3,"minecraft:drop":40,"minecraft:damage_dealt":5302,"tombstone:tomb_raiding":1,"minecraft:player_kills":1,"minecraft:swim_one_cm":84907,"minecraft:fly_one_cm":321182,"minecraft:open_chest":46,"minecraft:play_time":62250,"minecraft:crouch_one_cm":16750,"minecraft:sneak_time":7216,"tombstone:undead_killed":3,"minecraft:deaths":6,"minecraft:walk_under_water_one_cm":19305,"minecraft:boat_one_cm":265314,"minecraft:jump":1476,"minecraft:walk_on_water_one_cm":22665,"minecraft:total_world_time":62250,"minecraft:fall_one_cm":35025},"minecraft:killed":{"minecraft:pig":4,"iceandfire:cyclops":1,"minecraft:sheep":12,"iceandfire:ghost":3},"minecraft:used":{"minecraft:cooked_mutton":16,"quark:indigo_corundum":1,"iceandfire:silver_sword":29,"minecraft:spruce_door":3,"minecraft:stone_pickaxe":83,"minecraft:spruce_planks":37,"minecraft:wooden_pickaxe":10,"minecraft:rotten_flesh":1,"minecraft:white_wool":12,"iceandfire:armor_silver_metal_boots":1,"minecraft:dirt":6,"minecraft:mutton":5,"minecraft:crafting_table":7,"minecraft:white_bed":1,"minecraft:spruce_log":2,"minecraft:cobblestone":1,"minecraft:gravel":3,"minecraft:iron_axe":5,"minecraft:iron_pickaxe":2,"minecraft:sweet_berries":17,"tombstone:grave_key":2,"minecraft:stone_axe":142,"minecraft:furnace":3,"minecraft:porkchop":4,"tombstone:gift":5,"minecraft:oak_boat":7},"minecraft:picked_up":{"minecraft:iron_chestplate":1,"minecraft:crafting_table":3,"minecraft:yellow_wool":1,"minecraft:leather":1,"minecraft:packed_ice":1,"quark:hollow_oak_log":4,"minecraft:wither_rose":1,"minecraft:oak_log":12,"minecraft:dirt":86,"minecraft:moss_carpet":8,"minecraft:cooked_mutton":13,"minecraft:bone":2,"minecraft:stone_bricks":2,"quark:indigo_corundum":1,"minecraft:gold_nugget":132,"minecraft:iron_ingot":32,"minecraft:oak_boat":6,"minecraft:iron_pickaxe":1,"minecraft:sugar_cane":2,"minecraft:chest":2,"minecraft:oak_planks":15,"minecraft:furnace":3,"minecraft:raw_iron":1,"iceandfire:dragonbone":17,"minecraft:oak_fence":2,"minecraft:gravel":3,"minecraft:porkchop":7,"minecraft:sand":17,"minecraft:spruce_sapling":1,"minecraft:white_bed":1,"tombstone:grave_dust":1,"minecraft:spruce_log":21,"minecraft:rotten_flesh":2,"minecraft:spruce_door":1,"minecraft:arrow":2,"iceandfire:dragon_skull_ice":1,"minecraft:diamond":1,"iceandfire:silver_sword":1,"waystones:waystone":1,"quark:hollow_birch_log":3,"quark:indigo_corundum_cluster":3,"minecraft:mutton":31,"iceandfire:silver_nugget":20,"minecraft:iron_bars":2,"minecraft:bone_block":6,"minecraft:white_wool":12,"minecraft:cobblestone":52}},"DataVersion":3465}