{"stats":{"minecraft:killed_by":{"minecraft:creeper":1},"minecraft:crafted":{"minecraft:crafting_table":2,"minecraft:spruce_planks":24,"minecraft:stick":8,"minecraft:wooden_pickaxe":1,"minecraft:stone_pickaxe":1,"minecraft:stone_axe":1},"minecraft:mined":{"quark:hollow_birch_log":3,"minecraft:spruce_log":12,"minecraft:wither_rose":1,"minecraft:crafting_table":1,"minecraft:grass":1,"minecraft:grass_block":3,"minecraft:oak_log":13,"minecraft:vine":1,"minecraft:iron_bars":2,"minecraft:sand":1,"minecraft:dirt":2,"quark:hollow_oak_log":4,"minecraft:spruce_leaves":5,"minecraft:stone":10,"minecraft:sugar_cane":3,"minecraft:oak_leaves":1,"minecraft:fern":1},"minecraft:custom":{"minecraft:time_since_rest":5812,"minecraft:sprint_one_cm":47479,"minecraft:damage_taken":555,"minecraft:walk_one_cm":8015,"minecraft:trigger_trapped_chest":2,"minecraft:mob_kills":9,"minecraft:damage_dealt":1078,"minecraft:swim_one_cm":17006,"minecraft:interact_with_crafting_table":3,"minecraft:fly_one_cm":82559,"minecraft:crouch_one_cm":3724,"minecraft:play_time":15600,"minecraft:deaths":1,"minecraft:sneak_time":1465,"minecraft:walk_under_water_one_cm":3357,"minecraft:jump":342,"minecraft:time_since_death":6495,"minecraft:leave_game":2,"minecraft:walk_on_water_one_cm":6900,"minecraft:total_world_time":15600,"minecraft:fall_one_cm":8653},"minecraft:killed":{"minecraft:sheep":5,"minecraft:pig":4},"minecraft:used":{"minecraft:stone_pickaxe":5,"minecraft:spruce_planks":2,"minecraft:wooden_pickaxe":10,"minecraft:stone_axe":47,"minecraft:dirt":2,"minecraft:crafting_table":1,"minecraft:porkchop":3,"tombstone:gift":1},"minecraft:picked_up":{"minecraft:crafting_table":1,"quark:hollow_oak_log":4,"minecraft:wither_rose":1,"minecraft:porkchop":6,"minecraft:sand":17,"minecraft:oak_log":12,"minecraft:spruce_sapling":1,"minecraft:spruce_log":12,"minecraft:dirt":4,"minecraft:moss_carpet":8,"waystones:waystone":1,"quark:hollow_birch_log":3,"minecraft:sugar_cane":2,"minecraft:mutton":7,"minecraft:iron_bars":2,"minecraft:white_wool":5,"minecraft:cobblestone":10}},"DataVersion":3465}