{"stats":{"minecraft:mined":{"minecraft:nether_gold_ore":14,"minecraft:tuff":2,"minecraft:white_bed":1,"iceandfire:silver_ore":2,"minecraft:deepslate_diamond_ore":4,"minecraft:grass_block":5,"minecraft:crimson_roots":1,"minecraft:spruce_leaves":29,"minecraft:large_fern":3,"quark:hollow_birch_log":3,"minecraft:furnace":3,"minecraft:iron_ore":2,"minecraft:fire":1,"iceandfire:gold_pile":15,"minecraft:vine":1,"minecraft:iron_bars":2,"quark:indigo_corundum":1,"minecraft:packed_ice":4,"minecraft:stone":54,"minecraft:bone_block":6,"minecraft:kelp_plant":1,"minecraft:crimson_nylium":2,"minecraft:spruce_door":1,"minecraft:powder_snow":46,"minecraft:oak_fence":2,"minecraft:crafting_table":7,"minecraft:chest":2,"minecraft:sugar_cane":3,"minecraft:sweet_berry_bush":1,"minecraft:ice":5,"minecraft:spruce_log":39,"minecraft:wither_rose":1,"minecraft:grass":2,"minecraft:oak_log":13,"quark:spruce_chest":6,"minecraft:gravel":3,"minecraft:sand":1,"minecraft:dirt":18,"quark:hollow_oak_log":4,"minecraft:stone_bricks":2,"minecraft:ancient_debris":2,"minecraft:netherrack":476,"minecraft:oak_leaves":1,"minecraft:deepslate":1,"minecraft:fern":1},"minecraft:killed":{"minecraft:spider":1,"quark:toretoise":1,"minecraft:skeleton":3,"minecraft:piglin":1,"minecraft:pig":4,"iceandfire:cyclops":1,"minecraft:sheep":12,"minecraft:zombie":4,"iceandfire:ghost":3,"goblintraders:vein_goblin_trader":1,"iceandfire:dread_ghoul":1,"minecraft:cow":1},"minecraft:picked_up":{"minecraft:crafting_table":8,"minecraft:iron_chestplate":2,"minecraft:wheat":2,"minecraft:clay_ball":24,"minecraft:yellow_wool":1,"minecraft:brown_mushroom":4,"minecraft:packed_ice":1,"quark:hollow_oak_log":4,"minecraft:potion":5,"minecraft:wither_rose":1,"minecraft:enchanted_book":6,"tombstone:grave_key":1,"iceandfire:armor_silver_metal_chestplate":3,"iceandfire:manuscript":3,"minecraft:string":1,"iceandfire:frozen_stone":18,"minecraft:moss_carpet":8,"quark:indigo_corundum":1,"minecraft:gold_nugget":522,"minecraft:spruce_planks":228,"minecraft:oak_boat":10,"minecraft:iron_pickaxe":4,"minecraft:sugar_cane":2,"minecraft:chest":2,"minecraft:furnace":3,"minecraft:stick":2,"minecraft:raw_iron":6,"iceandfire:dragonbone":17,"minecraft:oak_fence":2,"minecraft:porkchop":7,"tombstone:grave_dust":18,"minecraft:carrot":4,"iceandfire:dragon_skull_ice":5,"iceandfire:armor_silver_metal_boots":3,"minecraft:arrow":23,"minecraft:rotten_flesh":86,"minecraft:tropical_fish":2,"iceandfire:dragonscales_silver":21,"farmersdelight:rope":38,"minecraft:gold_ingot":6,"quark:indigo_corundum_cluster":3,"minecraft:mutton":31,"minecraft:iron_bars":2,"minecraft:bone_block":6,"minecraft:white_wool":22,"minecraft:cobblestone":53,"iceandfire:sea_serpent_fang":20,"farmersdelight:rice":10,"minecraft:leather":3,"minecraft:potato":24,"minecraft:oak_log":12,"minecraft:ancient_debris":4,"minecraft:dirt":3758,"minecraft:cooked_mutton":13,"minecraft:bone":6,"minecraft:stone_bricks":2,"minecraft:wheat_seeds":13,"iceandfire:armor_silver_metal_helmet":1,"minecraft:rabbit_hide":2,"minecraft:iron_ingot":210,"minecraft:stone_pickaxe":1,"minecraft:rabbit":14,"minecraft:oak_planks":15,"minecraft:sweet_berries":30,"minecraft:lava_bucket":1,"minecraft:gravel":21,"minecraft:sand":17,"minecraft:spruce_sapling":1,"minecraft:white_bed":1,"minecraft:spruce_log":49,"minecraft:spruce_door":2,"minecraft:spider_eye":1,"minecraft:pumpkin_seeds":1,"minecraft:stone_axe":3,"minecraft:diamond":11,"iceandfire:silver_sword":3,"waystones:waystone":1,"quark:hollow_birch_log":3,"minecraft:coal":52,"iceandfire:raw_silver":1,"minecraft:netherrack":336,"iceandfire:silver_nugget":364,"minecraft:crimson_roots":1,"minecraft:diamond_pickaxe":1},"minecraft:custom":{"minecraft:mob_kills":38,"minecraft:interact_with_crafting_table":26,"minecraft:leave_game":9,"minecraft:time_since_death":1692,"minecraft:climb_one_cm":109,"minecraft:sprint_one_cm":369759,"minecraft:walk_one_cm":111532,"minecraft:damage_blocked_by_shield":238,"minecraft:drop":133,"minecraft:play_time":125346,"minecraft:sneak_time":10759,"minecraft:deaths":26,"minecraft:walk_under_water_one_cm":26898,"minecraft:boat_one_cm":340666,"tombstone:tomb_raiding":3,"minecraft:jump":3440,"minecraft:walk_on_water_one_cm":33626,"minecraft:total_world_time":125346,"minecraft:interact_with_furnace":8,"minecraft:sleep_in_bed":2,"minecraft:time_since_rest":376,"minecraft:damage_taken":8101,"tombstone:sneak_grave":1,"minecraft:trigger_trapped_chest":3,"minecraft:damage_dealt":9411,"minecraft:player_kills":4,"minecraft:swim_one_cm":112223,"minecraft:fly_one_cm":592335,"minecraft:open_chest":67,"minecraft:crouch_one_cm":27553,"tombstone:undead_killed":11,"minecraft:fall_one_cm":83104},"minecraft:used":{"quark:indigo_corundum":1,"iceandfire:silver_sword":42,"minecraft:spruce_planks":43,"minecraft:shield":4,"minecraft:iron_sword":2,"minecraft:rotten_flesh":14,"minecraft:netherrack":31,"minecraft:dirt":65,"minecraft:mutton":5,"farmersdelight:rope":2,"minecraft:lava_bucket":1,"minecraft:iron_axe":97,"minecraft:sweet_berries":72,"minecraft:furnace":3,"minecraft:cooked_cod":3,"tombstone:gift":7,"minecraft:cooked_mutton":16,"minecraft:spruce_door":3,"minecraft:rabbit":1,"minecraft:stone_pickaxe":89,"minecraft:wooden_pickaxe":10,"minecraft:white_wool":22,"minecraft:glow_berries":2,"iceandfire:armor_silver_metal_boots":2,"minecraft:crafting_table":13,"minecraft:white_bed":2,"minecraft:spruce_log":4,"iceandfire:armor_silver_metal_chestplate":1,"minecraft:diamond_pickaxe":160,"minecraft:iron_pickaxe":345,"tombstone:grave_key":15,"minecraft:gravel":3,"minecraft:stone_axe":153,"minecraft:cobblestone":1,"minecraft:porkchop":4,"minecraft:bucket":2,"minecraft:oak_boat":10},"minecraft:killed_by":{"minecraft:player":14,"iceandfire:dread_beast":1,"minecraft:creeper":1,"minecraft:spider":1,"iceandfire:dread_ghoul":1,"iceandfire:ice_dragon":1,"minecraft:zombie":1,"iceandfire:ghost":2},"minecraft:broken":{"minecraft:stone_axe":2,"minecraft:iron_pickaxe":1},"minecraft:crafted":{"minecraft:oak_planks":48,"minecraft:furnace":4,"minecraft:cooked_mutton":3,"minecraft:iron_bars":16,"minecraft:iron_boots":1,"minecraft:iron_axe":2,"minecraft:stone_pickaxe":1,"minecraft:cooked_porkchop":1,"minecraft:crafting_table":7,"minecraft:spruce_planks":180,"minecraft:wooden_pickaxe":1,"minecraft:iron_helmet":1,"minecraft:spruce_door":3,"minecraft:bucket":1,"minecraft:stone_axe":2,"minecraft:air":0,"minecraft:oak_boat":2,"minecraft:iron_chestplate":1,"minecraft:diamond_pickaxe":1,"iceandfire:bestiary":2,"minecraft:shield":1,"minecraft:stick":20,"minecraft:iron_pickaxe":3,"minecraft:gold_ingot":2,"minecraft:white_bed":1},"minecraft:dropped":{"minecraft:enchanted_book":1,"minecraft:iron_ingot":98,"minecraft:iron_sword":1,"minecraft:wheat_seeds":1,"minecraft:porkchop":1,"iceandfire:dragonscales_silver":21,"quark:hollow_birch_log":3,"minecraft:cooked_porkchop":1,"minecraft:cobblestone":11,"minecraft:book":1,"minecraft:leather":1,"iceandfire:ectoplasm":2,"minecraft:spruce_door":1,"minecraft:tropical_fish":2,"minecraft:stick":8,"minecraft:cobweb":3,"minecraft:dirt":2367,"minecraft:packed_ice":1,"tombstone:grave_key":2,"iceandfire:silver_sword":2,"minecraft:mutton":5,"quark:indigo_corundum_cluster":5,"minecraft:crimson_roots":1,"minecraft:snowball":2,"tombstone:grave_dust":10,"minecraft:gold_nugget":14,"minecraft:bone_block":6,"minecraft:wither_rose":1,"minecraft:sand":17,"minecraft:iron_pickaxe":1,"minecraft:iron_shovel":1,"minecraft:string":1,"minecraft:white_wool":1,"minecraft:spruce_sapling":4,"iceandfire:dragonbone":20,"minecraft:bone":6,"minecraft:gravel":18,"iceandfire:silver_nugget":112,"minecraft:furnace":4,"minecraft:stone_axe":1,"minecraft:moss_carpet":8,"minecraft:sweet_berries":1,"minecraft:sugar_cane":2,"minecraft:yellow_wool":1,"minecraft:raw_iron":2,"minecraft:clay_ball":24,"iceandfire:dragon_skull_ice":1,"minecraft:carrot":2,"minecraft:rabbit_hide":2,"minecraft:potato":6,"iceandfire:armor_silver_metal_boots":1,"minecraft:gunpowder":6,"minecraft:spruce_planks":48,"minecraft:skeleton_skull":2,"quark:hollow_oak_log":4,"minecraft:diamond_pickaxe":1,"minecraft:iron_chestplate":2,"minecraft:oak_boat":1,"minecraft:chainmail_boots":1,"minecraft:chest":2,"farmersdelight:rope":18,"minecraft:stone_bricks":2,"minecraft:spider_eye":1,"minecraft:arrow":9,"minecraft:iron_bars":2,"minecraft:stone_pickaxe":2,"waystones:waystone":1,"minecraft:netherrack":128,"iceandfire:manuscript":6}},"DataVersion":3465}