{"stats":{"minecraft:broken":{"minecraft:stone_axe":1},"minecraft:killed_by":{"minecraft:creeper":1,"iceandfire:ghost":2},"minecraft:crafted":{"minecraft:oak_planks":48,"minecraft:crafting_table":3,"minecraft:spruce_planks":48,"minecraft:wooden_pickaxe":1,"minecraft:spruce_door":3,"minecraft:furnace":4,"minecraft:stone_axe":2,"minecraft:cooked_mutton":3,"minecraft:air":0,"minecraft:stick":8,"minecraft:stone_pickaxe":1},"minecraft:mined":{"minecraft:oak_fence":2,"minecraft:crafting_table":1,"minecraft:grass_block":3,"minecraft:spruce_leaves":5,"minecraft:sugar_cane":3,"quark:hollow_birch_log":3,"minecraft:spruce_log":12,"minecraft:wither_rose":1,"minecraft:grass":2,"minecraft:oak_log":13,"iceandfire:gold_pile":15,"minecraft:vine":1,"minecraft:iron_bars":2,"minecraft:sand":1,"minecraft:dirt":2,"quark:hollow_oak_log":4,"minecraft:stone":47,"minecraft:stone_bricks":2,"minecraft:bone_block":6,"minecraft:oak_leaves":1,"minecraft:fern":1},"minecraft:custom":{"minecraft:interact_with_furnace":3,"minecraft:mob_kills":20,"minecraft:interact_with_crafting_table":7,"minecraft:leave_game":2,"minecraft:time_since_death":11111,"minecraft:time_since_rest":11005,"minecraft:sprint_one_cm":71803,"minecraft:damage_taken":1090,"minecraft:walk_one_cm":17351,"tombstone:sneak_grave":1,"minecraft:trigger_trapped_chest":3,"minecraft:damage_dealt":3904,"minecraft:swim_one_cm":36244,"minecraft:fly_one_cm":121990,"minecraft:open_chest":4,"minecraft:crouch_one_cm":11058,"minecraft:play_time":27600,"tombstone:undead_killed":3,"minecraft:deaths":3,"minecraft:sneak_time":5214,"minecraft:walk_under_water_one_cm":14044,"minecraft:jump":556,"minecraft:walk_on_water_one_cm":12480,"minecraft:total_world_time":27600,"minecraft:fall_one_cm":11699},"minecraft:killed":{"minecraft:pig":4,"iceandfire:cyclops":1,"minecraft:sheep":12,"iceandfire:ghost":3},"minecraft:used":{"minecraft:spruce_door":2,"minecraft:stone_pickaxe":65,"minecraft:spruce_planks":26,"minecraft:wooden_pickaxe":10,"minecraft:rotten_flesh":1,"minecraft:dirt":2,"minecraft:mutton":5,"minecraft:crafting_table":4,"tombstone:grave_key":2,"minecraft:stone_axe":139,"minecraft:furnace":1,"minecraft:porkchop":4,"tombstone:gift":5},"minecraft:picked_up":{"minecraft:crafting_table":1,"minecraft:yellow_wool":1,"minecraft:leather":1,"quark:hollow_oak_log":4,"minecraft:wither_rose":1,"minecraft:oak_log":12,"minecraft:dirt":4,"minecraft:moss_carpet":8,"minecraft:stone_bricks":2,"minecraft:gold_nugget":132,"minecraft:sugar_cane":2,"minecraft:oak_fence":2,"minecraft:sand":17,"minecraft:porkchop":6,"minecraft:spruce_sapling":1,"tombstone:grave_dust":1,"minecraft:spruce_log":12,"waystones:waystone":1,"quark:hollow_birch_log":3,"minecraft:mutton":26,"minecraft:white_wool":12,"minecraft:iron_bars":2,"minecraft:bone_block":6,"minecraft:cobblestone":46}},"DataVersion":3465}