{"stats":{"minecraft:crafted":{"minecraft:stone_axe":1,"minecraft:crafting_table":1,"minecraft:spruce_planks":32,"minecraft:stick":12,"minecraft:wooden_pickaxe":1,"minecraft:stone_pickaxe":1,"minecraft:wooden_axe":1},"minecraft:mined":{"minecraft:spruce_log":23,"minecraft:stone":12,"minecraft:crafting_table":3},"minecraft:custom":{"minecraft:time_since_rest":4819,"minecraft:crouch_one_cm":1567,"minecraft:play_time":4819,"minecraft:sprint_one_cm":4742,"minecraft:walk_one_cm":4698,"minecraft:sneak_time":345,"minecraft:jump":31,"minecraft:leave_game":1,"minecraft:time_since_death":4819,"minecraft:total_world_time":4819,"minecraft:interact_with_crafting_table":4,"minecraft:fall_one_cm":209,"minecraft:fly_one_cm":3604},"minecraft:picked_up":{"minecraft:crafting_table":3,"minecraft:spruce_sapling":1,"minecraft:spruce_log":22,"minecraft:cobblestone":12},"minecraft:used":{"minecraft:stone_axe":16,"minecraft:wooden_axe":2,"minecraft:crafting_table":3,"minecraft:stone_pickaxe":9,"minecraft:spruce_planks":1,"minecraft:wooden_pickaxe":3}},"DataVersion":3465}