{"stats":{"minecraft:dropped":{"minecraft:spruce_log":1},"minecraft:crafted":{"minecraft:spruce_boat":1,"minecraft:stone_axe":1,"minecraft:crafting_table":1,"minecraft:spruce_planks":92,"minecraft:stick":12,"minecraft:wooden_pickaxe":1,"minecraft:stone_pickaxe":1,"minecraft:wooden_axe":1},"minecraft:mined":{"minecraft:spruce_log":24,"minecraft:stone":12,"minecraft:crafting_table":4},"minecraft:custom":{"minecraft:time_since_rest":10992,"minecraft:crouch_one_cm":1772,"minecraft:sprint_one_cm":13513,"minecraft:play_time":10992,"minecraft:damage_taken":90,"minecraft:walk_one_cm":8117,"minecraft:sneak_time":409,"minecraft:walk_under_water_one_cm":421,"minecraft:boat_one_cm":123075,"minecraft:drop":1,"minecraft:jump":80,"minecraft:walk_on_water_one_cm":1023,"minecraft:damage_dealt":42,"minecraft:leave_game":1,"minecraft:time_since_death":10992,"minecraft:total_world_time":10992,"minecraft:swim_one_cm":5916,"minecraft:interact_with_crafting_table":5,"minecraft:fall_one_cm":1939,"minecraft:fly_one_cm":14051},"minecraft:picked_up":{"minecraft:crafting_table":4,"minecraft:spruce_boat":1,"minecraft:spruce_sapling":1,"minecraft:spruce_log":24,"minecraft:cobblestone":12},"minecraft:used":{"minecraft:spruce_boat":2,"minecraft:stone_axe":19,"minecraft:wooden_axe":2,"minecraft:crafting_table":4,"minecraft:stone_pickaxe":9,"minecraft:wooden_pickaxe":3,"minecraft:spruce_planks":6}},"DataVersion":3465}