{"stats":{"minecraft:dropped":{"minecraft:spruce_log":1},"minecraft:killed_by":{"iceandfire:ice_dragon":4},"minecraft:crafted":{"minecraft:crafting_table":1,"minecraft:spruce_planks":92,"minecraft:stick":12,"minecraft:wooden_pickaxe":1,"minecraft:stone_pickaxe":1,"minecraft:wooden_axe":1,"minecraft:spruce_boat":1,"minecraft:stone_axe":1},"minecraft:mined":{"minecraft:spruce_log":24,"minecraft:crafting_table":5,"minecraft:spruce_leaves":1,"minecraft:stone":12},"minecraft:custom":{"minecraft:time_since_rest":1,"minecraft:sprint_one_cm":34390,"minecraft:damage_taken":1115,"minecraft:walk_one_cm":29336,"minecraft:mob_kills":7,"minecraft:drop":1,"minecraft:damage_dealt":576,"minecraft:swim_one_cm":33497,"minecraft:interact_with_crafting_table":5,"minecraft:fly_one_cm":79026,"minecraft:open_chest":14,"minecraft:crouch_one_cm":1845,"minecraft:play_time":22806,"minecraft:deaths":4,"minecraft:sneak_time":436,"minecraft:walk_under_water_one_cm":7407,"minecraft:boat_one_cm":215550,"minecraft:jump":340,"minecraft:leave_game":3,"minecraft:walk_on_water_one_cm":8711,"minecraft:time_since_death":270,"minecraft:total_world_time":22806,"minecraft:fall_one_cm":5082},"minecraft:killed":{"minecraft:salmon":7},"minecraft:picked_up":{"minecraft:crafting_table":5,"minecraft:salmon":6,"minecraft:spruce_sapling":1,"minecraft:spruce_log":24,"minecraft:spruce_boat":4,"iceandfire:silver_nugget":6,"minecraft:snowball":1,"minecraft:cobblestone":12},"minecraft:used":{"minecraft:spruce_boat":4,"minecraft:wooden_axe":2,"iceandfire:silver_sword":22,"minecraft:stone_pickaxe":9,"minecraft:spruce_planks":25,"minecraft:wooden_pickaxe":3,"tombstone:grave_key":3,"minecraft:stone_axe":20,"minecraft:salmon":6,"minecraft:crafting_table":5,"minecraft:snowball":1}},"DataVersion":3465}