{"stats":{"minecraft:killed_by":{"minecraft:piglin_brute":2,"minecraft:creeper":5,"iceandfire:sea_serpent":3,"minecraft:piglin":2,"iceandfire:ice_dragon":48,"minecraft:witch":1,"minecraft:zombie":6,"minecraft:player":13,"minecraft:spider":1,"minecraft:enderman":5,"minecraft:skeleton":2,"iceandfire:ghost":2},"minecraft:custom":{"minecraft:interact_with_crafting_table":39,"minecraft:bell_ring":4,"minecraft:leave_game":27,"minecraft:time_since_death":731,"minecraft:sprint_one_cm":913049,"minecraft:damage_blocked_by_shield":1280,"minecraft:drop":271,"tombstone:eaten_lollipop":4,"minecraft:talked_to_villager":36,"minecraft:play_time":407416,"minecraft:deaths":106,"tombstone:tomb_raiding":10,"minecraft:jump":7469,"minecraft:walk_on_water_one_cm":24609,"minecraft:interact_with_furnace":4,"minecraft:sleep_in_bed":11,"minecraft:waystone_activated":2,"tombstone:sneak_grave":20,"minecraft:damage_dealt":22636,"minecraft:player_kills":13,"minecraft:crouch_one_cm":113781,"tombstone:undead_killed":40,"minecraft:mob_kills":66,"minecraft:climb_one_cm":995,"minecraft:walk_one_cm":585854,"minecraft:sneak_time":36606,"minecraft:walk_under_water_one_cm":46826,"minecraft:boat_one_cm":272166,"minecraft:total_world_time":407416,"minecraft:time_since_rest":468,"minecraft:damage_taken":28704,"minecraft:damage_absorbed":198,"minecraft:trigger_trapped_chest":1,"minecraft:swim_one_cm":162694,"minecraft:fly_one_cm":1291340,"minecraft:open_chest":365,"minecraft:fall_one_cm":193501},"minecraft:killed":{"minecraft:spider":5,"minecraft:skeleton":10,"quark:crab":1,"minecraft:piglin_brute":2,"minecraft:zombie_villager":1,"minecraft:sheep":2,"minecraft:pillager":2,"minecraft:zombie":29,"quark:foxhound":1,"iceandfire:ice_dragon":1,"minecraft:enderman":8},"minecraft:broken":{"minecraft:iron_shovel":6,"minecraft:wooden_shovel":1,"minecraft:iron_boots":1,"minecraft:iron_leggings":1,"minecraft:diamond_shovel":1,"minecraft:iron_sword":1,"iceandfire:armor_silver_metal_chestplate":1,"iceandfire:armor_silver_metal_boots":1,"iceandfire:armor_silver_metal_leggings":1,"minecraft:flint_and_steel":1,"minecraft:leather_boots":1,"minecraft:iron_pickaxe":2,"minecraft:iron_helmet":1},"minecraft:crafted":{"celestisynth:solar_crystal_helmet":1,"minecraft:diamond_shovel":2,"minecraft:wooden_shovel":1,"minecraft:crafting_table":5,"minecraft:spruce_planks":240,"minecraft:spruce_door":6,"minecraft:stick":36,"quark:oak_chest":1,"minecraft:iron_pickaxe":4,"minecraft:gold_ingot":15,"celestisynth:solar_crystal_leggings":1,"minecraft:furnace":1,"celestisynth:solar_crystal_boots":1,"minecraft:flint_and_steel":2,"minecraft:iron_axe":1,"quark:spruce_chest":13,"minecraft:golden_helmet":1,"celestisynth:solar_crystal_chestplate":1,"minecraft:iron_sword":1,"minecraft:air":0,"minecraft:iron_shovel":7},"minecraft:mined":{"minecraft:spruce_planks":3,"minecraft:cave_vines_plant":10,"minecraft:granite":81,"minecraft:budding_amethyst":1,"minecraft:chiseled_polished_blackstone":2,"minecraft:grass_block":1341,"minecraft:cracked_polished_blackstone_bricks":10,"minecraft:gilded_blackstone":4,"minecraft:polished_blackstone_bricks":16,"minecraft:tall_seagrass":1,"minecraft:magma_block":3,"minecraft:iron_ore":5,"minecraft:fire":6,"minecraft:cave_vines":20,"minecraft:dirt_path":1,"quark:indigo_corundum":2,"minecraft:blackstone":51,"minecraft:clay":16,"iceandfire:dragon_ice_spikes":2,"minecraft:calcite":4,"minecraft:poppy":1,"minecraft:nether_quartz_ore":10,"minecraft:cobblestone":33,"minecraft:sugar_cane":5,"minecraft:amethyst_block":6,"minecraft:seagrass":2,"minecraft:warped_nylium":1,"minecraft:wheat":6,"minecraft:pumpkin_stem":1,"minecraft:grass":8,"minecraft:sand":116,"minecraft:dirt":2412,"quark:indigo_corundum_cluster":1,"minecraft:smooth_basalt":10,"minecraft:netherrack":254,"minecraft:deepslate":54,"minecraft:nether_gold_ore":41,"minecraft:diamond_ore":1,"minecraft:tuff":3,"minecraft:deepslate_diamond_ore":2,"iceandfire:frozen_cobblestone":15,"iceandfire:frozen_stone":23,"minecraft:spruce_leaves":56,"minecraft:kelp":3,"minecraft:moss_block":5,"minecraft:large_fern":30,"minecraft:spruce_sapling":1,"minecraft:furnace":1,"minecraft:andesite":9,"minecraft:gold_block":16,"farmersdelight:rope":2,"minecraft:deepslate_iron_ore":9,"minecraft:lantern":2,"minecraft:packed_ice":6,"minecraft:stone":663,"minecraft:flowering_azalea":1,"minecraft:soul_sand":12,"minecraft:basalt":10,"minecraft:spruce_door":2,"minecraft:crafting_table":6,"minecraft:tall_grass":5,"minecraft:copper_ore":3,"minecraft:deepslate_gold_ore":14,"minecraft:polished_blackstone_brick_stairs":1,"minecraft:diorite":23,"minecraft:blue_bed":7,"minecraft:sweet_berry_bush":36,"minecraft:ice":42,"minecraft:spruce_log":73,"minecraft:coal_ore":6,"quark:spruce_chest":2,"minecraft:gravel":36,"minecraft:cobweb":6,"minecraft:gold_ore":1,"minecraft:fern":13},"minecraft:picked_up":{"minecraft:wooden_axe":3,"minecraft:iron_chestplate":1,"minecraft:wheat":13,"minecraft:chainmail_boots":3,"minecraft:potion":7,"minecraft:enchanted_book":9,"minecraft:gilded_blackstone":2,"minecraft:nether_brick":4,"tombstone:grave_key":1,"iceandfire:armor_silver_metal_chestplate":1,"iceandfire:manuscript":4,"minecraft:string":42,"minecraft:raw_copper":7,"minecraft:gold_nugget":593,"minecraft:cobbled_deepslate":13,"minecraft:spruce_planks":142,"minecraft:iron_pickaxe":7,"minecraft:iron_boots":5,"minecraft:golden_helmet":1,"minecraft:stick":47,"celestisynth:solar_crystal_chestplate":1,"tombstone:grave_dust":39,"minecraft:diorite":39,"tombstone:lollipop":7,"iceandfire:armor_silver_metal_boots":1,"minecraft:rotten_flesh":88,"farmersdelight:rope":12,"minecraft:obsidian":2,"minecraft:iron_bars":4,"minecraft:cobblestone":1105,"iceandfire:sapphire_gem":37,"minecraft:magma_block":2,"farmersdelight:rice":10,"minecraft:golden_leggings":1,"minecraft:potato":6,"minecraft:flint":3,"minecraft:dirt":8579,"minecraft:lantern":2,"minecraft:bone":207,"minecraft:wheat_seeds":72,"minecraft:raw_gold":48,"minecraft:rabbit":3,"minecraft:diamond_helmet":5,"minecraft:moss_block":5,"minecraft:oak_planks":29,"minecraft:chiseled_polished_blackstone":1,"iceandfire:dragonscales_sapphire":14,"minecraft:sand":282,"minecraft:spectral_arrow":11,"minecraft:bundle":3,"minecraft:diamond":45,"minecraft:cracked_polished_blackstone_bricks":5,"minecraft:granite":85,"minecraft:emerald":18,"minecraft:netherrack":415,"iceandfire:silver_nugget":1425,"iceandfire:raw_silver":16,"minecraft:diamond_pickaxe":1,"minecraft:crafting_table":9,"minecraft:clay_ball":617,"minecraft:leather_leggings":6,"minecraft:brown_mushroom":3,"minecraft:wooden_pickaxe":1,"minecraft:gold_block":16,"iceandfire:frozen_cobblestone":35,"minecraft:chain":8,"iceandfire:frozen_stone":72,"minecraft:iron_axe":6,"minecraft:flint_and_steel":1,"minecraft:iron_shovel":3,"minecraft:blackstone":53,"iceandfire:bestiary":3,"quark:spruce_chest":17,"iceandfire:armor_silver_metal_leggings":2,"minecraft:oak_boat":1,"minecraft:poppy":2,"minecraft:sugar_cane":29,"minecraft:chest":2,"iceandfire:ice_dragon_heart":8,"minecraft:egg":3,"minecraft:raw_iron":49,"minecraft:sandstone":4,"iceandfire:dragonbone":154,"minecraft:fire_charge":3,"minecraft:polished_blackstone_bricks":6,"quark:deepslate_furnace":8,"farmersdelight:tomato_seeds":18,"minecraft:carrot":4,"iceandfire:dragon_skull_ice":13,"minecraft:tnt":5,"iceandfire:silver_ingot":40,"minecraft:arrow":9,"minecraft:cooked_cod":3,"celestisynth:solar_crystal":64,"minecraft:shears":3,"iceandfire:dragonscales_silver":105,"quark:indigo_corundum_cluster":2,"minecraft:gold_ingot":468,"minecraft:glow_berries":22,"minecraft:skeleton_skull":9,"minecraft:white_wool":6,"quark:crab_leg":1,"minecraft:basalt":8,"iceandfire:sea_serpent_fang":20,"minecraft:leather":18,"minecraft:filled_map":3,"minecraft:chainmail_chestplate":3,"minecraft:gunpowder":38,"minecraft:blue_bed":9,"quark:forgotten_hat":5,"minecraft:kelp":1,"iceandfire:armor_silver_metal_helmet":3,"minecraft:heart_of_the_sea":1,"minecraft:iron_ingot":392,"minecraft:cobweb":1,"minecraft:soul_sand":12,"minecraft:iron_sword":15,"minecraft:book":4,"minecraft:smooth_basalt":1,"minecraft:sweet_berries":74,"minecraft:quartz":20,"minecraft:gravel":64,"minecraft:spruce_sapling":27,"minecraft:spruce_log":76,"minecraft:crying_obsidian":3,"minecraft:spruce_door":10,"minecraft:spider_eye":7,"minecraft:diamond_shovel":2,"iceandfire:silver_sword":2,"iceandfire:sea_serpent_scales_red":19,"iceandfire:ice_dragon_flesh":79,"minecraft:warped_roots":5,"tombstone:magic_scroll":2,"minecraft:warped_nylium":3,"minecraft:coal":44,"minecraft:ender_pearl":8},"minecraft:used":{"minecraft:iron_shovel":1661,"iceandfire:dragon_skull_ice":2,"minecraft:chest":4,"minecraft:shield":17,"minecraft:iron_sword":383,"tombstone:lollipop":4,"minecraft:rotten_flesh":7,"celestisynth:solar_crystal_chestplate":1,"minecraft:carrot":13,"iceandfire:frozen_stone":14,"minecraft:obsidian":20,"iceandfire:armor_silver_metal_leggings":1,"minecraft:magma_block":1,"minecraft:sweet_berries":51,"minecraft:furnace":1,"minecraft:egg":3,"iceandfire:frozen_cobblestone":9,"minecraft:diorite":3,"minecraft:spruce_door":7,"celestisynth:solar_crystal_helmet":1,"minecraft:blackstone":6,"minecraft:sandstone":3,"minecraft:blue_bed":7,"minecraft:glow_berries":28,"minecraft:sand":60,"waystones:waystone":1,"minecraft:bread":3,"tombstone:grave_key":179,"minecraft:chain":1,"minecraft:cobweb":7,"iceandfire:silver_sword":51,"minecraft:flint_and_steel":92,"minecraft:spruce_planks":48,"quark:crab_leg":1,"minecraft:wooden_shovel":59,"minecraft:netherrack":1,"minecraft:dirt":125,"minecraft:diamond_helmet":1,"farmersdelight:rope":2,"minecraft:wooden_axe":2,"quark:spruce_chest":25,"minecraft:iron_axe":82,"minecraft:smooth_basalt":3,"minecraft:basalt":10,"tombstone:gift":6,"minecraft:wheat_seeds":6,"farmersdelight:golden_knife":6,"quark:forgotten_hat":2,"minecraft:polished_blackstone_bricks":3,"minecraft:gilded_blackstone":2,"minecraft:tnt":1,"minecraft:crafting_table":10,"minecraft:diamond_pickaxe":737,"minecraft:diamond_shovel":2143,"minecraft:iron_pickaxe":691,"tombstone:magic_scroll":1,"minecraft:cobblestone":304,"quark:oak_chest":1},"minecraft:dropped":{"minecraft:iron_sword":5,"minecraft:brown_mushroom":1,"celestisynth:solar_crystal_chestplate":1,"quark:deepslate_furnace":2,"iceandfire:dragonscales_silver":63,"minecraft:ender_pearl":1,"minecraft:diamond":1,"minecraft:crafting_table":1,"minecraft:glow_berries":3,"iceandfire:ice_dragon_flesh":22,"minecraft:warped_roots":5,"minecraft:leather":6,"iceandfire:ectoplasm":4,"farmersdelight:rice":5,"celestisynth:solar_crystal":64,"minecraft:emerald":3,"minecraft:dirt":1189,"minecraft:cracked_polished_blackstone_bricks":1,"iceandfire:sea_serpent_scales_red":10,"minecraft:chain":3,"minecraft:gold_nugget":146,"minecraft:sand":120,"minecraft:iron_pickaxe":2,"minecraft:white_wool":4,"minecraft:blue_bed":1,"minecraft:gold_ingot":210,"minecraft:bone":48,"tombstone:lollipop":1,"minecraft:gravel":4,"minecraft:chiseled_polished_blackstone":1,"minecraft:blackstone":43,"minecraft:sugar_cane":9,"minecraft:rotten_flesh":42,"minecraft:oak_planks":4,"iceandfire:frozen_stone":20,"minecraft:diamond_shovel":1,"iceandfire:sapphire_gem":12,"minecraft:poppy":2,"iceandfire:armor_silver_metal_boots":1,"minecraft:gunpowder":12,"minecraft:skeleton_skull":5,"quark:forgotten_hat":2,"minecraft:leather_leggings":2,"minecraft:iron_bars":2,"minecraft:arrow":9,"minecraft:quartz":5,"farmersdelight:tomato_seeds":6,"minecraft:enchanted_book":2,"minecraft:iron_ingot":24,"minecraft:wheat_seeds":36,"minecraft:golden_helmet":1,"minecraft:tnt":2,"minecraft:cobblestone":85,"minecraft:book":4,"quark:spruce_chest":3,"minecraft:spruce_door":4,"minecraft:coal":13,"minecraft:stick":18,"minecraft:cobweb":1,"minecraft:diorite":17,"tombstone:grave_key":1,"iceandfire:silver_sword":1,"minecraft:rabbit":3,"iceandfire:armor_silver_metal_chestplate":1,"tombstone:grave_dust":2,"minecraft:potion":2,"minecraft:iron_leggings":1,"minecraft:iron_axe":1,"minecraft:iron_shovel":1,"minecraft:string":20,"minecraft:spruce_sapling":10,"iceandfire:dragonbone":77,"iceandfire:silver_nugget":932,"minecraft:kelp":1,"minecraft:warped_nylium":3,"minecraft:raw_iron":1,"minecraft:clay_ball":328,"minecraft:iron_boots":3,"iceandfire:dragon_skull_ice":3,"minecraft:spruce_planks":79,"minecraft:iron_chestplate":1,"minecraft:diamond_pickaxe":1,"iceandfire:silver_ingot":30,"minecraft:golden_leggings":1,"minecraft:spider_eye":3,"minecraft:spruce_log":11,"minecraft:sandstone":1,"minecraft:raw_gold":9,"iceandfire:sea_serpent_fang":10}},"DataVersion":3465}