{"stats":{"minecraft:broken":{"minecraft:iron_shovel":1,"minecraft:wooden_shovel":1,"minecraft:iron_boots":1,"minecraft:iron_leggings":1,"minecraft:leather_boots":1,"minecraft:iron_pickaxe":1,"minecraft:iron_helmet":1},"minecraft:dropped":{"minecraft:iron_sword":3,"minecraft:wheat_seeds":9,"quark:deepslate_furnace":1,"minecraft:diamond":1,"minecraft:crafting_table":1,"minecraft:cobblestone":55,"quark:spruce_chest":1,"minecraft:stick":17,"iceandfire:sea_serpent_scales_red":4,"minecraft:diorite":12,"tombstone:grave_key":1,"minecraft:potion":2,"minecraft:iron_leggings":1,"minecraft:sand":68,"minecraft:iron_shovel":1,"minecraft:spruce_sapling":1,"minecraft:gold_ingot":128,"iceandfire:silver_nugget":356,"minecraft:kelp":1,"minecraft:sugar_cane":1,"minecraft:rotten_flesh":5,"minecraft:clay_ball":152,"minecraft:iron_boots":1,"iceandfire:frozen_stone":2,"iceandfire:dragon_skull_ice":1,"minecraft:poppy":2,"iceandfire:sapphire_gem":12,"minecraft:spruce_planks":15,"minecraft:skeleton_skull":1,"minecraft:iron_chestplate":1,"iceandfire:silver_ingot":20,"minecraft:spruce_log":6,"minecraft:sandstone":1,"minecraft:arrow":1,"iceandfire:sea_serpent_fang":5},"minecraft:killed_by":{"minecraft:player":8,"minecraft:creeper":4,"minecraft:spider":1,"iceandfire:sea_serpent":3,"iceandfire:ice_dragon":46,"minecraft:skeleton":1,"minecraft:zombie":2,"iceandfire:ghost":2},"minecraft:crafted":{"minecraft:iron_axe":1,"quark:spruce_chest":10,"minecraft:wooden_shovel":1,"minecraft:crafting_table":4,"minecraft:spruce_planks":168,"minecraft:iron_sword":1,"minecraft:spruce_door":3,"minecraft:stick":20,"minecraft:iron_pickaxe":3,"minecraft:iron_shovel":3},"minecraft:mined":{"minecraft:diamond_ore":1,"minecraft:spruce_planks":3,"minecraft:deepslate_diamond_ore":1,"iceandfire:frozen_cobblestone":15,"minecraft:cave_vines_plant":2,"minecraft:granite":58,"minecraft:budding_amethyst":1,"iceandfire:frozen_stone":23,"minecraft:grass_block":119,"minecraft:spruce_leaves":23,"minecraft:kelp":3,"minecraft:large_fern":19,"minecraft:spruce_sapling":1,"minecraft:iron_ore":5,"minecraft:andesite":9,"farmersdelight:rope":2,"minecraft:cave_vines":4,"minecraft:deepslate_iron_ore":4,"minecraft:packed_ice":6,"minecraft:stone":192,"minecraft:flowering_azalea":1,"minecraft:crafting_table":4,"minecraft:clay":13,"iceandfire:dragon_ice_spikes":2,"minecraft:calcite":4,"minecraft:poppy":1,"minecraft:tall_grass":2,"minecraft:copper_ore":3,"minecraft:cobblestone":19,"minecraft:deepslate_gold_ore":8,"minecraft:sugar_cane":5,"minecraft:diorite":18,"minecraft:blue_bed":6,"minecraft:amethyst_block":6,"minecraft:seagrass":2,"minecraft:wheat":6,"minecraft:sweet_berry_bush":9,"minecraft:ice":41,"minecraft:spruce_log":44,"minecraft:grass":6,"minecraft:coal_ore":4,"quark:spruce_chest":1,"minecraft:gravel":2,"minecraft:sand":116,"minecraft:dirt":272,"minecraft:cobweb":5,"minecraft:smooth_basalt":10,"minecraft:deepslate":33,"minecraft:fern":7},"minecraft:custom":{"minecraft:mob_kills":23,"minecraft:interact_with_crafting_table":22,"minecraft:bell_ring":4,"minecraft:leave_game":5,"minecraft:time_since_death":4536,"minecraft:climb_one_cm":179,"minecraft:sprint_one_cm":326408,"minecraft:walk_one_cm":205183,"minecraft:drop":73,"minecraft:play_time":156097,"minecraft:deaths":71,"minecraft:sneak_time":11972,"minecraft:walk_under_water_one_cm":32508,"minecraft:boat_one_cm":272166,"tombstone:tomb_raiding":3,"minecraft:jump":3259,"minecraft:walk_on_water_one_cm":16103,"minecraft:total_world_time":156097,"minecraft:sleep_in_bed":6,"minecraft:waystone_activated":1,"minecraft:time_since_rest":3967,"minecraft:damage_taken":19451,"tombstone:sneak_grave":6,"minecraft:damage_dealt":9939,"minecraft:player_kills":3,"minecraft:swim_one_cm":84382,"minecraft:fly_one_cm":533374,"minecraft:open_chest":185,"minecraft:crouch_one_cm":21139,"tombstone:undead_killed":17,"minecraft:fall_one_cm":73652},"minecraft:killed":{"minecraft:spider":2,"minecraft:skeleton":3,"quark:crab":1,"minecraft:sheep":2,"minecraft:zombie":14,"iceandfire:ice_dragon":1},"minecraft:used":{"minecraft:iron_shovel":378,"iceandfire:dragon_skull_ice":1,"quark:crab_leg":1,"minecraft:chest":4,"minecraft:spruce_planks":48,"minecraft:iron_sword":240,"minecraft:wooden_shovel":59,"minecraft:dirt":4,"minecraft:carrot":11,"iceandfire:frozen_stone":14,"farmersdelight:rope":2,"minecraft:wooden_axe":2,"quark:spruce_chest":12,"minecraft:iron_axe":22,"minecraft:smooth_basalt":3,"minecraft:sweet_berries":22,"tombstone:gift":6,"iceandfire:frozen_cobblestone":9,"minecraft:wheat_seeds":6,"minecraft:diorite":3,"minecraft:spruce_door":3,"quark:forgotten_hat":2,"minecraft:sandstone":3,"minecraft:blue_bed":6,"minecraft:sand":60,"minecraft:crafting_table":8,"minecraft:iron_pickaxe":433,"minecraft:bread":3,"tombstone:grave_key":167,"minecraft:cobblestone":55,"minecraft:cobweb":6},"minecraft:picked_up":{"minecraft:wooden_axe":1,"minecraft:crafting_table":5,"minecraft:wheat":8,"minecraft:clay_ball":276,"minecraft:leather_leggings":2,"minecraft:brown_mushroom":1,"minecraft:potion":4,"minecraft:enchanted_book":4,"iceandfire:frozen_cobblestone":35,"tombstone:grave_key":1,"minecraft:chain":1,"iceandfire:manuscript":2,"minecraft:string":14,"iceandfire:frozen_stone":54,"minecraft:raw_copper":7,"minecraft:iron_shovel":1,"quark:spruce_chest":3,"minecraft:gold_nugget":55,"minecraft:spruce_planks":78,"minecraft:poppy":2,"minecraft:iron_pickaxe":1,"minecraft:sugar_cane":17,"minecraft:chest":2,"iceandfire:ice_dragon_heart":4,"minecraft:stick":45,"minecraft:raw_iron":44,"minecraft:sandstone":4,"iceandfire:dragonbone":40,"quark:deepslate_furnace":6,"tombstone:grave_dust":31,"minecraft:diorite":28,"tombstone:lollipop":2,"iceandfire:dragon_skull_ice":8,"minecraft:tnt":1,"iceandfire:silver_ingot":40,"minecraft:arrow":3,"minecraft:rotten_flesh":17,"minecraft:cooked_cod":3,"iceandfire:dragonscales_silver":42,"farmersdelight:rope":12,"minecraft:gold_ingot":238,"minecraft:glow_berries":6,"minecraft:skeleton_skull":2,"minecraft:white_wool":2,"minecraft:cobblestone":354,"quark:crab_leg":1,"iceandfire:sapphire_gem":21,"farmersdelight:rice":5,"iceandfire:sea_serpent_fang":15,"minecraft:leather":6,"minecraft:potato":6,"minecraft:filled_map":2,"minecraft:gunpowder":14,"minecraft:dirt":381,"minecraft:blue_bed":7,"quark:forgotten_hat":4,"minecraft:bone":56,"minecraft:kelp":1,"minecraft:wheat_seeds":20,"minecraft:raw_gold":16,"minecraft:heart_of_the_sea":1,"minecraft:iron_ingot":209,"minecraft:iron_sword":7,"minecraft:book":4,"minecraft:smooth_basalt":1,"minecraft:sweet_berries":34,"iceandfire:dragonscales_sapphire":14,"minecraft:gravel":4,"minecraft:sand":214,"minecraft:spruce_sapling":13,"minecraft:spruce_log":44,"minecraft:spruce_door":2,"minecraft:spider_eye":1,"minecraft:diamond":42,"minecraft:granite":85,"iceandfire:sea_serpent_scales_red":10,"iceandfire:ice_dragon_flesh":23,"minecraft:emerald":9,"iceandfire:silver_nugget":874,"minecraft:coal":17,"iceandfire:raw_silver":11}},"DataVersion":3465}