{"stats":{"minecraft:broken":{"minecraft:iron_shovel":2,"minecraft:wooden_shovel":1,"minecraft:iron_boots":1,"minecraft:iron_leggings":1,"minecraft:leather_boots":1,"minecraft:iron_pickaxe":1,"minecraft:iron_helmet":1},"minecraft:dropped":{"minecraft:iron_ingot":24,"minecraft:iron_sword":3,"minecraft:wheat_seeds":11,"quark:deepslate_furnace":2,"minecraft:diamond":1,"minecraft:crafting_table":1,"minecraft:cobblestone":55,"minecraft:book":4,"iceandfire:ectoplasm":4,"quark:spruce_chest":1,"minecraft:emerald":3,"minecraft:stick":17,"minecraft:cobweb":1,"minecraft:dirt":1,"iceandfire:sea_serpent_scales_red":4,"minecraft:diorite":12,"tombstone:grave_key":1,"minecraft:potion":2,"minecraft:iron_leggings":1,"minecraft:chain":2,"minecraft:gold_nugget":18,"minecraft:sand":86,"minecraft:iron_shovel":1,"minecraft:string":3,"minecraft:blue_bed":1,"minecraft:spruce_sapling":1,"minecraft:gold_ingot":128,"iceandfire:silver_nugget":356,"minecraft:gravel":4,"minecraft:kelp":1,"minecraft:sugar_cane":5,"minecraft:rotten_flesh":17,"minecraft:clay_ball":152,"minecraft:iron_boots":1,"iceandfire:frozen_stone":2,"iceandfire:dragon_skull_ice":2,"minecraft:poppy":2,"iceandfire:sapphire_gem":12,"minecraft:spruce_planks":15,"minecraft:skeleton_skull":2,"minecraft:iron_chestplate":1,"iceandfire:silver_ingot":30,"quark:forgotten_hat":2,"minecraft:spruce_log":6,"minecraft:sandstone":1,"minecraft:iron_bars":2,"minecraft:arrow":1,"iceandfire:sea_serpent_fang":5},"minecraft:killed_by":{"minecraft:player":9,"minecraft:creeper":4,"minecraft:spider":1,"iceandfire:sea_serpent":3,"iceandfire:ice_dragon":46,"minecraft:skeleton":1,"minecraft:zombie":2,"iceandfire:ghost":2},"minecraft:crafted":{"minecraft:iron_axe":1,"quark:spruce_chest":10,"minecraft:wooden_shovel":1,"minecraft:crafting_table":4,"minecraft:spruce_planks":168,"minecraft:iron_sword":1,"minecraft:spruce_door":3,"minecraft:stick":20,"minecraft:iron_pickaxe":3,"minecraft:iron_shovel":3},"minecraft:mined":{"minecraft:diamond_ore":1,"minecraft:spruce_planks":3,"minecraft:deepslate_diamond_ore":1,"iceandfire:frozen_cobblestone":15,"minecraft:cave_vines_plant":2,"minecraft:granite":58,"minecraft:budding_amethyst":1,"iceandfire:frozen_stone":23,"minecraft:grass_block":190,"minecraft:spruce_leaves":30,"minecraft:kelp":3,"minecraft:large_fern":20,"minecraft:spruce_sapling":1,"minecraft:iron_ore":5,"minecraft:andesite":9,"farmersdelight:rope":2,"minecraft:cave_vines":4,"minecraft:deepslate_iron_ore":4,"minecraft:packed_ice":6,"minecraft:stone":192,"minecraft:flowering_azalea":1,"minecraft:clay":13,"minecraft:crafting_table":4,"iceandfire:dragon_ice_spikes":2,"minecraft:calcite":4,"minecraft:poppy":1,"minecraft:copper_ore":3,"minecraft:tall_grass":4,"minecraft:cobblestone":19,"minecraft:deepslate_gold_ore":8,"minecraft:sugar_cane":5,"minecraft:diorite":18,"minecraft:blue_bed":7,"minecraft:amethyst_block":6,"minecraft:seagrass":2,"minecraft:sweet_berry_bush":10,"minecraft:ice":42,"minecraft:wheat":6,"minecraft:spruce_log":44,"minecraft:grass":6,"minecraft:coal_ore":4,"quark:spruce_chest":1,"minecraft:gravel":2,"minecraft:sand":116,"minecraft:dirt":374,"minecraft:cobweb":6,"minecraft:smooth_basalt":10,"minecraft:deepslate":33,"minecraft:fern":8},"minecraft:custom":{"minecraft:mob_kills":25,"minecraft:interact_with_crafting_table":22,"minecraft:bell_ring":4,"minecraft:leave_game":6,"minecraft:time_since_death":18524,"minecraft:climb_one_cm":325,"minecraft:sprint_one_cm":381299,"minecraft:walk_one_cm":235093,"minecraft:drop":98,"minecraft:play_time":179844,"minecraft:deaths":72,"minecraft:sneak_time":12768,"minecraft:walk_under_water_one_cm":32965,"minecraft:boat_one_cm":272166,"tombstone:tomb_raiding":3,"minecraft:jump":3642,"minecraft:walk_on_water_one_cm":16726,"minecraft:total_world_time":179844,"minecraft:sleep_in_bed":7,"minecraft:waystone_activated":1,"minecraft:time_since_rest":12223,"minecraft:damage_taken":19750,"minecraft:trigger_trapped_chest":1,"tombstone:sneak_grave":6,"minecraft:damage_dealt":10376,"minecraft:player_kills":3,"minecraft:swim_one_cm":84727,"minecraft:fly_one_cm":603764,"minecraft:open_chest":217,"minecraft:crouch_one_cm":23412,"tombstone:undead_killed":17,"minecraft:fall_one_cm":80821},"minecraft:killed":{"minecraft:spider":2,"minecraft:skeleton":3,"quark:crab":1,"minecraft:sheep":2,"minecraft:pillager":2,"minecraft:zombie":14,"iceandfire:ice_dragon":1},"minecraft:used":{"minecraft:iron_shovel":549,"iceandfire:dragon_skull_ice":1,"minecraft:chest":4,"quark:crab_leg":1,"minecraft:spruce_planks":48,"minecraft:iron_sword":249,"minecraft:wooden_shovel":59,"minecraft:rotten_flesh":3,"minecraft:dirt":4,"minecraft:carrot":11,"minecraft:diamond_helmet":1,"iceandfire:frozen_stone":14,"farmersdelight:rope":2,"minecraft:wooden_axe":2,"quark:spruce_chest":12,"minecraft:iron_axe":22,"minecraft:smooth_basalt":3,"minecraft:sweet_berries":28,"tombstone:gift":6,"minecraft:egg":1,"iceandfire:frozen_cobblestone":9,"minecraft:wheat_seeds":6,"minecraft:diorite":3,"minecraft:spruce_door":3,"quark:forgotten_hat":2,"minecraft:sandstone":3,"minecraft:blue_bed":7,"minecraft:sand":60,"minecraft:crafting_table":8,"minecraft:iron_pickaxe":433,"minecraft:bread":3,"tombstone:magic_scroll":1,"tombstone:grave_key":167,"minecraft:cobblestone":55,"minecraft:cobweb":7},"minecraft:picked_up":{"minecraft:wooden_axe":2,"minecraft:crafting_table":5,"minecraft:wheat":8,"minecraft:clay_ball":276,"minecraft:leather_leggings":2,"minecraft:brown_mushroom":1,"minecraft:potion":4,"minecraft:enchanted_book":4,"iceandfire:frozen_cobblestone":35,"tombstone:grave_key":1,"minecraft:chain":3,"iceandfire:manuscript":2,"minecraft:string":15,"iceandfire:frozen_stone":54,"minecraft:raw_copper":7,"minecraft:iron_shovel":1,"quark:spruce_chest":3,"minecraft:gold_nugget":73,"minecraft:spruce_planks":78,"minecraft:poppy":2,"minecraft:iron_pickaxe":1,"minecraft:sugar_cane":21,"minecraft:chest":2,"iceandfire:ice_dragon_heart":5,"minecraft:egg":1,"minecraft:stick":45,"minecraft:raw_iron":44,"minecraft:sandstone":4,"iceandfire:dragonbone":40,"quark:deepslate_furnace":7,"farmersdelight:tomato_seeds":6,"tombstone:grave_dust":31,"minecraft:diorite":28,"tombstone:lollipop":2,"iceandfire:dragon_skull_ice":9,"minecraft:tnt":1,"iceandfire:silver_ingot":40,"minecraft:arrow":3,"minecraft:rotten_flesh":29,"minecraft:cooked_cod":3,"iceandfire:dragonscales_silver":42,"farmersdelight:rope":12,"minecraft:gold_ingot":238,"minecraft:glow_berries":6,"minecraft:iron_bars":3,"minecraft:skeleton_skull":3,"minecraft:white_wool":2,"minecraft:cobblestone":354,"quark:crab_leg":1,"iceandfire:sapphire_gem":21,"iceandfire:sea_serpent_fang":15,"farmersdelight:rice":5,"minecraft:leather":6,"minecraft:potato":6,"minecraft:filled_map":2,"minecraft:gunpowder":14,"minecraft:dirt":543,"minecraft:blue_bed":9,"quark:forgotten_hat":5,"minecraft:bone":56,"minecraft:kelp":1,"minecraft:wheat_seeds":23,"minecraft:raw_gold":16,"minecraft:heart_of_the_sea":1,"minecraft:iron_ingot":209,"minecraft:cobweb":1,"minecraft:diamond_helmet":1,"minecraft:iron_sword":8,"minecraft:book":4,"minecraft:smooth_basalt":1,"minecraft:sweet_berries":34,"iceandfire:dragonscales_sapphire":14,"minecraft:gravel":6,"minecraft:sand":214,"minecraft:spruce_sapling":13,"minecraft:spruce_log":44,"minecraft:spruce_door":2,"minecraft:spider_eye":1,"minecraft:bundle":1,"minecraft:diamond":42,"minecraft:granite":85,"iceandfire:sea_serpent_scales_red":10,"iceandfire:ice_dragon_flesh":29,"minecraft:emerald":12,"tombstone:magic_scroll":1,"iceandfire:silver_nugget":874,"minecraft:coal":17,"iceandfire:raw_silver":11}},"DataVersion":3465}