{"stats":{"minecraft:killed_by":{"minecraft:player":13,"minecraft:creeper":5,"minecraft:spider":1,"iceandfire:sea_serpent":3,"iceandfire:ice_dragon":48,"minecraft:skeleton":2,"minecraft:zombie":6,"iceandfire:ghost":2},"minecraft:custom":{"minecraft:mob_kills":48,"minecraft:interact_with_crafting_table":31,"minecraft:bell_ring":4,"minecraft:leave_game":26,"minecraft:time_since_death":744,"minecraft:climb_one_cm":325,"minecraft:sprint_one_cm":716352,"minecraft:walk_one_cm":501453,"minecraft:damage_blocked_by_shield":220,"minecraft:drop":217,"tombstone:eaten_lollipop":3,"minecraft:talked_to_villager":17,"minecraft:play_time":330142,"minecraft:sneak_time":23440,"minecraft:deaths":89,"minecraft:walk_under_water_one_cm":41349,"minecraft:jump":6008,"tombstone:tomb_raiding":10,"minecraft:boat_one_cm":272166,"minecraft:walk_on_water_one_cm":22851,"minecraft:total_world_time":330142,"minecraft:sleep_in_bed":11,"minecraft:waystone_activated":2,"minecraft:time_since_rest":547,"minecraft:damage_taken":24056,"minecraft:damage_absorbed":198,"minecraft:trigger_trapped_chest":1,"tombstone:sneak_grave":20,"minecraft:damage_dealt":17400,"minecraft:player_kills":13,"minecraft:swim_one_cm":121946,"minecraft:fly_one_cm":944296,"minecraft:open_chest":331,"minecraft:crouch_one_cm":77115,"tombstone:undead_killed":34,"minecraft:fall_one_cm":149861},"minecraft:killed":{"minecraft:spider":5,"minecraft:skeleton":9,"quark:crab":1,"minecraft:sheep":2,"minecraft:pillager":2,"minecraft:zombie":25,"iceandfire:ice_dragon":1},"minecraft:broken":{"minecraft:iron_shovel":6,"minecraft:wooden_shovel":1,"minecraft:iron_boots":1,"minecraft:iron_leggings":1,"minecraft:flint_and_steel":1,"minecraft:diamond_shovel":1,"minecraft:leather_boots":1,"minecraft:iron_pickaxe":2,"minecraft:iron_helmet":1},"minecraft:crafted":{"minecraft:diamond_shovel":2,"minecraft:flint_and_steel":2,"minecraft:iron_axe":1,"quark:spruce_chest":13,"minecraft:wooden_shovel":1,"minecraft:crafting_table":4,"minecraft:spruce_planks":196,"minecraft:iron_sword":1,"minecraft:spruce_door":3,"minecraft:stick":36,"quark:oak_chest":1,"minecraft:iron_pickaxe":4,"minecraft:iron_shovel":7},"minecraft:mined":{"minecraft:diamond_ore":1,"minecraft:spruce_planks":3,"minecraft:deepslate_diamond_ore":1,"iceandfire:frozen_cobblestone":15,"minecraft:cave_vines_plant":2,"minecraft:budding_amethyst":1,"minecraft:granite":58,"iceandfire:frozen_stone":23,"minecraft:grass_block":1341,"minecraft:spruce_leaves":45,"minecraft:kelp":3,"minecraft:large_fern":29,"minecraft:tall_seagrass":1,"minecraft:spruce_sapling":1,"minecraft:iron_ore":5,"minecraft:andesite":9,"farmersdelight:rope":2,"minecraft:cave_vines":4,"minecraft:deepslate_iron_ore":4,"minecraft:dirt_path":1,"quark:indigo_corundum":2,"minecraft:packed_ice":6,"minecraft:stone":612,"minecraft:flowering_azalea":1,"minecraft:clay":13,"iceandfire:dragon_ice_spikes":2,"minecraft:crafting_table":4,"minecraft:poppy":1,"minecraft:calcite":4,"minecraft:copper_ore":3,"minecraft:tall_grass":4,"minecraft:cobblestone":25,"minecraft:deepslate_gold_ore":8,"minecraft:sugar_cane":5,"minecraft:diorite":19,"minecraft:blue_bed":7,"minecraft:amethyst_block":6,"minecraft:seagrass":2,"minecraft:sweet_berry_bush":34,"minecraft:ice":42,"minecraft:wheat":6,"minecraft:spruce_log":62,"minecraft:pumpkin_stem":1,"minecraft:grass":8,"minecraft:coal_ore":4,"quark:spruce_chest":2,"minecraft:gravel":36,"minecraft:sand":116,"minecraft:dirt":2412,"minecraft:cobweb":6,"quark:indigo_corundum_cluster":1,"minecraft:smooth_basalt":10,"minecraft:deepslate":33,"minecraft:fern":12},"minecraft:picked_up":{"minecraft:wooden_axe":3,"minecraft:crafting_table":6,"minecraft:iron_chestplate":1,"minecraft:wheat":13,"minecraft:chainmail_boots":3,"minecraft:clay_ball":553,"minecraft:leather_leggings":5,"minecraft:brown_mushroom":2,"minecraft:wooden_pickaxe":1,"minecraft:enchanted_book":8,"minecraft:potion":4,"iceandfire:frozen_cobblestone":35,"tombstone:grave_key":1,"minecraft:chain":7,"iceandfire:armor_silver_metal_chestplate":1,"iceandfire:manuscript":4,"minecraft:string":37,"minecraft:raw_copper":7,"iceandfire:frozen_stone":72,"minecraft:iron_axe":6,"minecraft:flint_and_steel":1,"minecraft:iron_shovel":3,"iceandfire:bestiary":2,"quark:spruce_chest":17,"minecraft:gold_nugget":432,"minecraft:spruce_planks":142,"iceandfire:armor_silver_metal_leggings":2,"minecraft:oak_boat":1,"minecraft:poppy":2,"minecraft:iron_pickaxe":7,"minecraft:sugar_cane":29,"minecraft:chest":2,"minecraft:egg":3,"minecraft:iron_boots":2,"iceandfire:ice_dragon_heart":8,"minecraft:raw_iron":44,"minecraft:stick":46,"minecraft:sandstone":4,"iceandfire:dragonbone":154,"farmersdelight:tomato_seeds":18,"quark:deepslate_furnace":8,"tombstone:grave_dust":39,"minecraft:diorite":39,"minecraft:carrot":4,"tombstone:lollipop":6,"iceandfire:dragon_skull_ice":13,"minecraft:tnt":5,"iceandfire:armor_silver_metal_boots":1,"iceandfire:silver_ingot":40,"minecraft:arrow":8,"minecraft:rotten_flesh":85,"minecraft:cooked_cod":3,"minecraft:shears":3,"iceandfire:dragonscales_silver":105,"farmersdelight:rope":12,"minecraft:gold_ingot":406,"quark:indigo_corundum_cluster":2,"minecraft:iron_bars":4,"minecraft:glow_berries":11,"minecraft:skeleton_skull":8,"minecraft:white_wool":6,"minecraft:cobblestone":1048,"quark:crab_leg":1,"iceandfire:sapphire_gem":27,"iceandfire:sea_serpent_fang":20,"farmersdelight:rice":10,"minecraft:leather":6,"minecraft:potato":6,"minecraft:filled_map":3,"minecraft:flint":3,"minecraft:chainmail_chestplate":3,"minecraft:gunpowder":38,"minecraft:dirt":7981,"minecraft:blue_bed":9,"quark:forgotten_hat":5,"minecraft:bone":157,"minecraft:kelp":1,"minecraft:wheat_seeds":72,"minecraft:raw_gold":32,"iceandfire:armor_silver_metal_helmet":3,"minecraft:heart_of_the_sea":1,"minecraft:iron_ingot":392,"minecraft:cobweb":1,"minecraft:diamond_helmet":5,"minecraft:rabbit":3,"minecraft:oak_planks":29,"minecraft:iron_sword":15,"minecraft:book":4,"minecraft:smooth_basalt":1,"minecraft:sweet_berries":71,"iceandfire:dragonscales_sapphire":14,"minecraft:gravel":35,"minecraft:sand":282,"minecraft:spruce_sapling":27,"minecraft:spruce_log":65,"minecraft:spider_eye":6,"minecraft:spruce_door":7,"minecraft:bundle":3,"minecraft:diamond_shovel":1,"minecraft:diamond":44,"iceandfire:silver_sword":2,"iceandfire:sea_serpent_scales_red":19,"minecraft:granite":85,"iceandfire:ice_dragon_flesh":68,"minecraft:emerald":18,"tombstone:magic_scroll":2,"iceandfire:silver_nugget":1273,"minecraft:coal":43,"iceandfire:raw_silver":13,"minecraft:ender_pearl":2},"minecraft:used":{"minecraft:iron_shovel":1661,"iceandfire:silver_sword":4,"minecraft:flint_and_steel":90,"minecraft:shield":2,"minecraft:chest":4,"iceandfire:dragon_skull_ice":2,"quark:crab_leg":1,"minecraft:spruce_planks":48,"minecraft:iron_sword":339,"tombstone:lollipop":3,"minecraft:wooden_shovel":59,"minecraft:rotten_flesh":4,"minecraft:dirt":125,"minecraft:carrot":13,"minecraft:diamond_helmet":1,"iceandfire:frozen_stone":14,"minecraft:wooden_axe":2,"farmersdelight:rope":2,"quark:spruce_chest":21,"minecraft:iron_axe":61,"iceandfire:armor_silver_metal_leggings":1,"minecraft:smooth_basalt":3,"minecraft:sweet_berries":46,"tombstone:gift":6,"minecraft:egg":3,"iceandfire:frozen_cobblestone":9,"minecraft:wheat_seeds":6,"minecraft:diorite":3,"minecraft:spruce_door":3,"quark:forgotten_hat":2,"minecraft:sandstone":3,"minecraft:blue_bed":7,"minecraft:sand":60,"minecraft:tnt":1,"minecraft:crafting_table":8,"waystones:waystone":1,"minecraft:diamond_pickaxe":177,"minecraft:diamond_shovel":2143,"minecraft:iron_pickaxe":691,"minecraft:bread":3,"tombstone:magic_scroll":1,"tombstone:grave_key":169,"minecraft:cobblestone":63,"minecraft:chain":1,"quark:oak_chest":1,"minecraft:cobweb":7},"minecraft:dropped":{"farmersdelight:tomato_seeds":6,"minecraft:enchanted_book":2,"minecraft:iron_ingot":24,"minecraft:iron_sword":5,"minecraft:wheat_seeds":36,"quark:deepslate_furnace":2,"minecraft:tnt":2,"iceandfire:dragonscales_silver":63,"minecraft:ender_pearl":1,"minecraft:diamond":1,"minecraft:crafting_table":1,"minecraft:book":4,"iceandfire:ice_dragon_flesh":22,"minecraft:cobblestone":83,"minecraft:glow_berries":3,"quark:spruce_chest":3,"iceandfire:ectoplasm":4,"minecraft:spruce_door":4,"minecraft:coal":13,"farmersdelight:rice":5,"minecraft:stick":17,"minecraft:emerald":3,"minecraft:cobweb":1,"minecraft:dirt":1183,"iceandfire:sea_serpent_scales_red":10,"minecraft:diorite":17,"iceandfire:silver_sword":1,"tombstone:grave_key":1,"minecraft:rabbit":3,"iceandfire:armor_silver_metal_chestplate":1,"minecraft:potion":2,"minecraft:iron_leggings":1,"minecraft:chain":3,"minecraft:gold_nugget":146,"minecraft:sand":120,"minecraft:iron_axe":1,"minecraft:iron_pickaxe":2,"minecraft:iron_shovel":1,"minecraft:string":20,"minecraft:white_wool":4,"minecraft:blue_bed":1,"minecraft:spruce_sapling":10,"minecraft:bone":46,"minecraft:gold_ingot":128,"iceandfire:dragonbone":77,"tombstone:lollipop":1,"minecraft:gravel":4,"iceandfire:silver_nugget":932,"minecraft:kelp":1,"minecraft:sugar_cane":9,"minecraft:raw_iron":1,"minecraft:rotten_flesh":42,"minecraft:clay_ball":328,"minecraft:oak_planks":4,"minecraft:iron_boots":2,"iceandfire:frozen_stone":20,"minecraft:diamond_shovel":1,"iceandfire:dragon_skull_ice":3,"minecraft:poppy":2,"iceandfire:sapphire_gem":12,"iceandfire:armor_silver_metal_boots":1,"minecraft:gunpowder":12,"minecraft:skeleton_skull":5,"minecraft:spruce_planks":79,"minecraft:iron_chestplate":1,"iceandfire:silver_ingot":30,"quark:forgotten_hat":2,"minecraft:leather_leggings":2,"minecraft:spider_eye":3,"minecraft:spruce_log":11,"minecraft:sandstone":1,"minecraft:iron_bars":2,"minecraft:arrow":9,"minecraft:raw_gold":8,"iceandfire:sea_serpent_fang":10}},"DataVersion":3465}