{"stats":{"minecraft:dropped":{"minecraft:wheat_seeds":1,"minecraft:rotten_flesh":2,"minecraft:diorite":10,"minecraft:wooden_axe":1,"minecraft:andesite":4,"tombstone:grave_dust":2,"minecraft:stone_pickaxe":1,"minecraft:wooden_pickaxe":1,"minecraft:string":1},"minecraft:killed_by":{"iceandfire:ice_dragon":1,"minecraft:skeleton":1,"minecraft:creeper":1,"minecraft:zombie":1,"quark:forgotten":1},"minecraft:crafted":{"minecraft:cooked_porkchop":8,"minecraft:crafting_table":2,"minecraft:spruce_planks":112,"minecraft:wooden_pickaxe":1,"minecraft:iron_helmet":1,"minecraft:iron_sword":1,"minecraft:spruce_door":3,"minecraft:furnace":1,"minecraft:stone_axe":1,"minecraft:air":0,"minecraft:iron_boots":1,"minecraft:iron_chestplate":1,"minecraft:shield":1,"minecraft:iron_axe":1,"minecraft:stick":16,"minecraft:iron_ingot":36,"minecraft:iron_pickaxe":1,"minecraft:stone_pickaxe":1,"minecraft:wooden_axe":1,"minecraft:stone_sword":1,"minecraft:iron_leggings":1,"minecraft:spruce_boat":1,"minecraft:torch":12},"minecraft:mined":{"quark:shale":1,"minecraft:spruce_door":1,"minecraft:crafting_table":2,"minecraft:granite":21,"minecraft:spruce_leaves":8,"minecraft:lapis_ore":6,"minecraft:diorite":10,"minecraft:large_fern":3,"minecraft:furnace":1,"minecraft:iron_ore":40,"minecraft:sweet_berry_bush":7,"minecraft:spruce_log":28,"minecraft:andesite":4,"minecraft:coal_ore":13,"minecraft:dirt":3,"minecraft:stone":114,"minecraft:deepslate":7,"minecraft:fern":3},"minecraft:custom":{"minecraft:interact_with_furnace":23,"minecraft:mob_kills":12,"minecraft:interact_with_crafting_table":18,"minecraft:leave_game":2,"minecraft:time_since_death":30287,"minecraft:waystone_activated":1,"minecraft:time_since_rest":29996,"minecraft:sprint_one_cm":112387,"minecraft:damage_taken":1430,"minecraft:walk_one_cm":49361,"minecraft:drop":10,"minecraft:damage_dealt":1583,"minecraft:swim_one_cm":23883,"minecraft:fly_one_cm":166009,"minecraft:open_chest":12,"minecraft:crouch_one_cm":5196,"minecraft:play_time":61626,"tombstone:undead_killed":4,"minecraft:deaths":5,"minecraft:sneak_time":2772,"minecraft:walk_under_water_one_cm":11058,"minecraft:boat_one_cm":170820,"minecraft:jump":932,"minecraft:walk_on_water_one_cm":6476,"minecraft:total_world_time":61626,"minecraft:fall_one_cm":22202},"minecraft:killed":{"minecraft:pig":3,"minecraft:sheep":3,"minecraft:skeleton":2,"minecraft:zombie":2,"minecraft:cow":1},"minecraft:used":{"minecraft:stone_sword":11,"minecraft:spruce_door":1,"minecraft:stone_pickaxe":99,"quark:shale":1,"minecraft:spruce_planks":28,"minecraft:wooden_pickaxe":3,"minecraft:white_wool":3,"minecraft:torch":12,"minecraft:dirt":1,"minecraft:mutton":4,"minecraft:crafting_table":3,"minecraft:granite":2,"waystones:waystone":1,"minecraft:spruce_boat":2,"minecraft:wooden_axe":32,"minecraft:iron_axe":1,"minecraft:iron_pickaxe":117,"minecraft:iron_helmet":1,"tombstone:grave_key":3,"minecraft:gravel":11,"minecraft:stone_axe":13,"minecraft:cobblestone":4,"minecraft:beef":2,"minecraft:sweet_berries":12,"minecraft:furnace":1,"minecraft:cooked_porkchop":1,"tombstone:gift":2,"minecraft:egg":1},"minecraft:picked_up":{"minecraft:crafting_table":2,"minecraft:andesite":4,"minecraft:leather":2,"minecraft:lapis_lazuli":36,"minecraft:dirt":3,"minecraft:bone":1,"minecraft:wheat_seeds":1,"minecraft:cobbled_deepslate":10,"minecraft:spruce_planks":2,"minecraft:iron_ingot":1,"minecraft:beef":2,"minecraft:furnace":1,"minecraft:egg":1,"minecraft:raw_iron":45,"minecraft:stick":1,"minecraft:sweet_berries":11,"quark:shale":1,"minecraft:gravel":11,"minecraft:porkchop":8,"tombstone:grave_dust":5,"minecraft:diorite":10,"minecraft:spruce_log":28,"minecraft:spruce_door":1,"minecraft:rotten_flesh":2,"minecraft:spruce_boat":1,"waystones:waystone":2,"minecraft:granite":18,"minecraft:mutton":4,"minecraft:coal":13,"minecraft:white_wool":3,"minecraft:cobblestone":114}},"DataVersion":3465}