{"stats":{"minecraft:dropped":{"minecraft:wheat_seeds":1,"tombstone:grave_dust":2,"minecraft:string":1},"minecraft:killed_by":{"quark:forgotten":1,"iceandfire:ice_dragon":1,"minecraft:skeleton":1,"minecraft:creeper":1,"minecraft:zombie":1},"minecraft:crafted":{"minecraft:crafting_table":1,"minecraft:spruce_planks":44,"minecraft:stick":4,"minecraft:wooden_axe":1,"minecraft:spruce_door":3,"minecraft:spruce_boat":1},"minecraft:mined":{"minecraft:large_fern":2,"minecraft:spruce_log":11,"minecraft:spruce_door":1,"minecraft:crafting_table":1,"minecraft:spruce_leaves":6,"minecraft:fern":1},"minecraft:custom":{"minecraft:time_since_rest":5996,"minecraft:sprint_one_cm":75574,"minecraft:damage_taken":1310,"minecraft:walk_one_cm":32294,"minecraft:mob_kills":9,"minecraft:drop":4,"minecraft:damage_dealt":1284,"minecraft:swim_one_cm":23883,"minecraft:interact_with_crafting_table":3,"minecraft:fly_one_cm":141834,"minecraft:open_chest":12,"minecraft:crouch_one_cm":2,"minecraft:play_time":37626,"tombstone:undead_killed":4,"minecraft:deaths":5,"minecraft:sneak_time":33,"minecraft:walk_under_water_one_cm":11058,"minecraft:boat_one_cm":170820,"minecraft:jump":698,"minecraft:leave_game":2,"minecraft:time_since_death":6287,"minecraft:walk_on_water_one_cm":6476,"minecraft:total_world_time":37626,"minecraft:fall_one_cm":17554},"minecraft:killed":{"minecraft:sheep":3,"minecraft:skeleton":2,"minecraft:zombie":2,"minecraft:cow":1},"minecraft:picked_up":{"minecraft:crafting_table":1,"minecraft:stick":1,"minecraft:raw_iron":1,"minecraft:leather":2,"minecraft:gravel":11,"tombstone:grave_dust":5,"minecraft:spruce_log":11,"minecraft:spruce_door":1,"minecraft:bone":1,"minecraft:rotten_flesh":2,"minecraft:spruce_boat":1,"minecraft:wheat_seeds":1,"minecraft:cobbled_deepslate":3,"minecraft:spruce_planks":2,"minecraft:beef":2,"minecraft:mutton":4,"minecraft:white_wool":3,"minecraft:egg":1},"minecraft:used":{"minecraft:spruce_boat":2,"minecraft:wooden_axe":26,"minecraft:spruce_door":1,"minecraft:spruce_planks":20,"tombstone:grave_key":3,"minecraft:gravel":11,"minecraft:white_wool":3,"minecraft:beef":2,"minecraft:crafting_table":2,"tombstone:gift":2,"minecraft:egg":1}},"DataVersion":3465}