{"stats":{"minecraft:dropped":{"minecraft:wheat_seeds":1,"tombstone:grave_dust":2,"minecraft:string":1},"minecraft:killed_by":{"iceandfire:ice_dragon":1,"minecraft:skeleton":1,"minecraft:creeper":1,"minecraft:zombie":1,"quark:forgotten":1},"minecraft:crafted":{"minecraft:crafting_table":1,"minecraft:spruce_planks":112,"minecraft:wooden_pickaxe":1,"minecraft:spruce_door":3,"minecraft:stone_axe":1,"minecraft:stick":16,"minecraft:stone_pickaxe":1,"minecraft:wooden_axe":1,"minecraft:stone_sword":1,"minecraft:spruce_boat":1,"minecraft:torch":12},"minecraft:mined":{"minecraft:spruce_door":1,"minecraft:crafting_table":1,"minecraft:spruce_leaves":8,"minecraft:large_fern":3,"minecraft:iron_ore":15,"minecraft:sweet_berry_bush":7,"minecraft:spruce_log":28,"minecraft:coal_ore":13,"minecraft:dirt":3,"minecraft:stone":58,"minecraft:fern":3},"minecraft:custom":{"minecraft:mob_kills":12,"minecraft:interact_with_crafting_table":6,"minecraft:leave_game":2,"minecraft:time_since_death":18287,"minecraft:waystone_activated":1,"minecraft:time_since_rest":17996,"minecraft:sprint_one_cm":107383,"minecraft:damage_taken":1430,"minecraft:walk_one_cm":41334,"minecraft:drop":4,"minecraft:damage_dealt":1583,"minecraft:swim_one_cm":23883,"minecraft:fly_one_cm":163835,"minecraft:open_chest":12,"minecraft:crouch_one_cm":3101,"minecraft:play_time":49626,"tombstone:undead_killed":4,"minecraft:deaths":5,"minecraft:sneak_time":1401,"minecraft:walk_under_water_one_cm":11058,"minecraft:boat_one_cm":170820,"minecraft:jump":859,"minecraft:walk_on_water_one_cm":6476,"minecraft:total_world_time":49626,"minecraft:fall_one_cm":21784},"minecraft:killed":{"minecraft:pig":3,"minecraft:sheep":3,"minecraft:skeleton":2,"minecraft:zombie":2,"minecraft:cow":1},"minecraft:used":{"minecraft:stone_sword":11,"minecraft:spruce_door":1,"minecraft:stone_pickaxe":85,"minecraft:spruce_planks":28,"minecraft:wooden_pickaxe":3,"minecraft:white_wool":3,"minecraft:torch":3,"minecraft:dirt":1,"minecraft:mutton":4,"minecraft:crafting_table":2,"waystones:waystone":1,"minecraft:spruce_boat":2,"minecraft:wooden_axe":32,"tombstone:grave_key":3,"minecraft:gravel":11,"minecraft:stone_axe":13,"minecraft:cobblestone":2,"minecraft:beef":2,"minecraft:sweet_berries":12,"tombstone:gift":2,"minecraft:egg":1},"minecraft:picked_up":{"minecraft:crafting_table":1,"minecraft:leather":2,"minecraft:dirt":3,"minecraft:bone":1,"minecraft:wheat_seeds":1,"minecraft:cobbled_deepslate":3,"minecraft:spruce_planks":2,"minecraft:beef":2,"minecraft:egg":1,"minecraft:raw_iron":16,"minecraft:stick":1,"minecraft:sweet_berries":11,"minecraft:gravel":11,"minecraft:porkchop":8,"tombstone:grave_dust":5,"minecraft:spruce_log":28,"minecraft:spruce_door":1,"minecraft:rotten_flesh":2,"minecraft:spruce_boat":1,"waystones:waystone":2,"minecraft:mutton":4,"minecraft:coal":11,"minecraft:white_wool":3,"minecraft:cobblestone":58}},"DataVersion":3465}