{"stats":{"minecraft:mined":{"minecraft:deepslate_tiles":9,"minecraft:tuff":5,"iceandfire:silver_ore":3,"quark:shale":1,"minecraft:deepslate_diamond_ore":41,"minecraft:obsidian":8,"minecraft:granite":29,"minecraft:grass_block":1,"minecraft:spruce_leaves":9,"minecraft:large_fern":3,"minecraft:furnace":2,"minecraft:iron_ore":40,"minecraft:andesite":12,"minecraft:deepslate_lapis_ore":3,"minecraft:deepslate_iron_ore":8,"minecraft:stone":158,"minecraft:spruce_door":1,"minecraft:crafting_table":6,"iceandfire:sapphire_ore":1,"minecraft:lapis_ore":6,"minecraft:diorite":17,"minecraft:wall_torch":1,"minecraft:sweet_berry_bush":7,"minecraft:spruce_log":28,"minecraft:coal_ore":13,"minecraft:gravel":6,"minecraft:dirt":8,"minecraft:netherrack":3,"minecraft:deepslate":355,"minecraft:fern":3},"minecraft:killed":{"minecraft:skeleton":5,"minecraft:drowned":1,"minecraft:pig":3,"minecraft:zombie_villager":1,"minecraft:sheep":3,"minecraft:zombie":14,"minecraft:cow":1},"minecraft:picked_up":{"minecraft:crafting_table":6,"minecraft:iron_chestplate":1,"minecraft:brown_mushroom":1,"minecraft:potion":1,"minecraft:deepslate_tiles":6,"minecraft:gold_nugget":64,"minecraft:cobbled_deepslate":358,"minecraft:spruce_planks":3,"minecraft:beef":2,"minecraft:egg":1,"minecraft:furnace":2,"minecraft:stick":1,"minecraft:raw_iron":63,"minecraft:torch":1,"minecraft:porkchop":8,"tombstone:grave_dust":5,"minecraft:diorite":17,"tombstone:lollipop":2,"minecraft:arrow":3,"minecraft:rotten_flesh":14,"iceandfire:dragonscales_silver":21,"minecraft:mutton":4,"minecraft:obsidian":6,"minecraft:white_wool":3,"minecraft:cobblestone":158,"iceandfire:sapphire_gem":1,"iceandfire:sea_serpent_fang":5,"minecraft:andesite":12,"minecraft:leather":2,"minecraft:tuff":5,"minecraft:ancient_debris":2,"minecraft:lapis_lazuli":59,"minecraft:dirt":19,"minecraft:bone":3,"minecraft:wheat_seeds":1,"minecraft:iron_ingot":33,"minecraft:sweet_berries":11,"quark:shale":1,"minecraft:gravel":17,"minecraft:lava_bucket":1,"minecraft:spruce_log":28,"minecraft:spruce_door":1,"minecraft:diamond":41,"minecraft:spruce_boat":1,"waystones:waystone":2,"minecraft:granite":26,"minecraft:netherrack":3,"iceandfire:silver_nugget":64,"minecraft:coal":26,"iceandfire:raw_silver":3},"minecraft:custom":{"minecraft:mob_kills":29,"minecraft:interact_with_crafting_table":28,"minecraft:bell_ring":4,"minecraft:leave_game":8,"minecraft:time_since_death":98934,"minecraft:sprint_one_cm":212218,"minecraft:walk_one_cm":100509,"minecraft:damage_blocked_by_shield":40,"minecraft:drop":39,"tombstone:eaten_lollipop":2,"minecraft:play_time":130273,"minecraft:deaths":5,"minecraft:sneak_time":10452,"minecraft:walk_under_water_one_cm":14616,"minecraft:boat_one_cm":170820,"tombstone:tomb_raiding":2,"minecraft:jump":1932,"minecraft:walk_on_water_one_cm":9354,"minecraft:total_world_time":130273,"minecraft:interact_with_furnace":32,"tombstone:raider_killed":5,"minecraft:sleep_in_bed":1,"minecraft:time_since_rest":32008,"minecraft:waystone_activated":1,"minecraft:damage_taken":2191,"minecraft:damage_dealt":5734,"minecraft:player_kills":4,"minecraft:fly_one_cm":309800,"minecraft:swim_one_cm":28436,"minecraft:open_chest":23,"minecraft:crouch_one_cm":21739,"tombstone:undead_killed":21,"minecraft:fall_one_cm":53186},"minecraft:used":{"minecraft:stone_sword":11,"quark:shale":1,"minecraft:spruce_planks":28,"minecraft:shield":1,"minecraft:iron_sword":5,"tombstone:lollipop":2,"minecraft:rotten_flesh":3,"minecraft:netherrack":3,"minecraft:torch":45,"minecraft:dirt":2,"minecraft:mutton":4,"minecraft:diamond_helmet":1,"minecraft:tuff":5,"minecraft:granite":26,"minecraft:spruce_boat":2,"minecraft:wooden_axe":32,"quark:spruce_chest":2,"minecraft:iron_axe":7,"minecraft:iron_helmet":1,"minecraft:diamond_chestplate":1,"minecraft:beef":2,"minecraft:sweet_berries":12,"minecraft:furnace":3,"tombstone:gift":3,"minecraft:egg":1,"minecraft:cobbled_deepslate":13,"minecraft:water_bucket":14,"minecraft:diorite":7,"minecraft:spruce_door":1,"minecraft:stone_pickaxe":99,"minecraft:wooden_pickaxe":3,"minecraft:white_wool":3,"minecraft:crafting_table":8,"minecraft:deepslate_tiles":346,"waystones:waystone":1,"minecraft:diamond_pickaxe":314,"minecraft:iron_pickaxe":313,"tombstone:grave_key":3,"minecraft:gravel":11,"minecraft:stone_axe":13,"minecraft:diamond_sword":62,"minecraft:cobblestone":106,"minecraft:cooked_porkchop":8,"minecraft:cooked_rabbit":2,"minecraft:bucket":15,"minecraft:andesite":8,"minecraft:diamond_leggings":1},"minecraft:killed_by":{"minecraft:creeper":1,"quark:forgotten":1,"iceandfire:ice_dragon":1,"minecraft:skeleton":1,"minecraft:zombie":1},"minecraft:broken":{"minecraft:iron_pickaxe":1},"minecraft:crafted":{"minecraft:furnace":1,"minecraft:diamond_leggings":1,"minecraft:diamond_helmet":1,"minecraft:iron_boots":1,"minecraft:polished_deepslate":340,"minecraft:iron_axe":1,"minecraft:stone_pickaxe":1,"minecraft:spruce_boat":1,"quark:spruce_chest":2,"minecraft:cooked_rabbit":2,"minecraft:diamond_sword":1,"minecraft:cooked_porkchop":8,"minecraft:crafting_table":2,"minecraft:spruce_planks":112,"minecraft:wooden_pickaxe":1,"minecraft:iron_helmet":1,"minecraft:iron_sword":1,"minecraft:spruce_door":3,"minecraft:bucket":1,"minecraft:deepslate_tiles":340,"minecraft:stone_axe":1,"minecraft:air":0,"minecraft:iron_chestplate":1,"minecraft:diamond_pickaxe":1,"minecraft:shield":1,"minecraft:stick":32,"minecraft:iron_ingot":38,"minecraft:iron_pickaxe":2,"minecraft:wooden_axe":1,"minecraft:stone_sword":1,"minecraft:iron_leggings":1,"minecraft:torch":44,"minecraft:deepslate_bricks":340,"minecraft:diamond_chestplate":1},"minecraft:dropped":{"minecraft:iron_ingot":32,"minecraft:brown_mushroom":1,"minecraft:wheat_seeds":7,"minecraft:diamond":1,"minecraft:iron_helmet":1,"minecraft:spruce_door":3,"minecraft:coal":13,"minecraft:stick":1,"minecraft:dirt":64,"minecraft:diorite":10,"minecraft:wooden_axe":1,"tombstone:grave_dust":2,"minecraft:potion":1,"minecraft:iron_leggings":1,"minecraft:gold_nugget":64,"minecraft:iron_axe":1,"minecraft:string":1,"minecraft:gravel":6,"iceandfire:silver_nugget":64,"minecraft:stone_axe":1,"minecraft:stone_sword":1,"minecraft:cobbled_deepslate":2,"minecraft:obsidian":2,"minecraft:rotten_flesh":24,"minecraft:gunpowder":2,"minecraft:iron_chestplate":2,"minecraft:andesite":4,"minecraft:arrow":3,"minecraft:wooden_pickaxe":1,"minecraft:stone_pickaxe":1,"iceandfire:sea_serpent_fang":5}},"DataVersion":3465}