{"stats":{"minecraft:killed_by":{"iceandfire:ice_dragon":2,"cataclysm:deepling":1},"minecraft:custom":{"minecraft:time_since_rest":1,"minecraft:waystone_activated":1,"minecraft:play_time":15575,"minecraft:sprint_one_cm":4720,"minecraft:deaths":3,"minecraft:damage_taken":710,"minecraft:walk_one_cm":16326,"minecraft:sneak_time":29,"minecraft:walk_under_water_one_cm":2793,"minecraft:drop":1,"minecraft:boat_one_cm":204719,"minecraft:jump":59,"minecraft:time_since_death":39,"minecraft:walk_on_water_one_cm":3033,"minecraft:total_world_time":15575,"minecraft:swim_one_cm":4211,"minecraft:fall_one_cm":1254,"minecraft:interact_with_crafting_table":2,"minecraft:fly_one_cm":10277},"minecraft:crafted":{"minecraft:spruce_boat":2,"minecraft:crafting_table":2,"minecraft:spruce_planks":104},"minecraft:mined":{"minecraft:spruce_log":26,"minecraft:spruce_leaves":2,"minecraft:crafting_table":1},"minecraft:picked_up":{"minecraft:crafting_table":1,"minecraft:lead":1,"minecraft:spruce_log":26},"minecraft:used":{"minecraft:spruce_boat":2,"minecraft:crafting_table":2,"tombstone:gift":1},"minecraft:dropped":{"tombstone:grave_key":1}},"DataVersion":3465}