{"stats":{"minecraft:custom":{"minecraft:jump":34,"minecraft:time_since_rest":3575,"minecraft:waystone_activated":1,"minecraft:walk_on_water_one_cm":1228,"minecraft:sprint_one_cm":3008,"minecraft:play_time":3575,"minecraft:time_since_death":3575,"minecraft:walk_one_cm":4826,"minecraft:total_world_time":3575,"minecraft:walk_under_water_one_cm":844,"minecraft:fall_one_cm":627,"minecraft:fly_one_cm":4226},"minecraft:crafted":{"minecraft:crafting_table":1,"minecraft:spruce_planks":52},"minecraft:picked_up":{"minecraft:spruce_log":13},"minecraft:mined":{"minecraft:spruce_leaves":1,"minecraft:spruce_log":13}},"DataVersion":3465}