{"stats":{"minecraft:killed_by":{"iceandfire:sea_serpent":1,"minecraft:creeper":1},"minecraft:custom":{"minecraft:time_since_rest":12159,"minecraft:waystone_activated":1,"minecraft:sprint_one_cm":69981,"minecraft:damage_taken":885,"minecraft:walk_one_cm":45031,"minecraft:drop":18,"minecraft:interact_with_crafting_table":11,"minecraft:swim_one_cm":10366,"minecraft:fly_one_cm":27139,"minecraft:open_chest":1,"minecraft:crouch_one_cm":1162,"minecraft:play_time":31717,"minecraft:deaths":2,"minecraft:sneak_time":174,"minecraft:walk_under_water_one_cm":1966,"minecraft:boat_one_cm":375243,"minecraft:jump":175,"minecraft:time_since_death":13257,"minecraft:walk_on_water_one_cm":2557,"minecraft:climb_one_cm":0,"minecraft:total_world_time":31717,"minecraft:fall_one_cm":3954},"minecraft:crafted":{"minecraft:crafting_table":3,"minecraft:spruce_planks":48,"minecraft:stick":4,"minecraft:spruce_button":1,"minecraft:wooden_pickaxe":1,"minecraft:wooden_axe":1,"minecraft:spruce_boat":3,"minecraft:bread":8},"minecraft:mined":{"minecraft:large_fern":1,"minecraft:spruce_planks":6,"minecraft:brown_mushroom":7,"minecraft:sweet_berry_bush":7,"minecraft:spruce_log":26,"minecraft:crafting_table":6,"minecraft:spruce_leaves":11,"minecraft:stone":15,"minecraft:sugar_cane":1},"minecraft:picked_up":{"minecraft:wooden_axe":5,"minecraft:stick":2,"minecraft:crafting_table":6,"minecraft:sweet_berries":17,"minecraft:brown_mushroom":8,"minecraft:sand":7,"minecraft:spruce_sapling":3,"minecraft:carrot":1,"minecraft:spruce_log":27,"minecraft:cooked_mutton":3,"farmersdelight:iron_knife":1,"iceandfire:armor_silver_metal_helmet":1,"minecraft:spruce_planks":6,"minecraft:spruce_button":1,"minecraft:sugar_cane":1,"minecraft:cobblestone":15},"minecraft:used":{"minecraft:spruce_boat":3,"minecraft:wooden_axe":35,"minecraft:spruce_planks":8,"minecraft:wooden_pickaxe":15,"minecraft:cobblestone":7,"minecraft:crafting_table":5,"minecraft:carrot":4,"tombstone:gift":2},"minecraft:dropped":{"minecraft:bread":8,"minecraft:brown_mushroom":1,"minecraft:wooden_axe":5,"minecraft:spruce_log":1,"minecraft:sand":1,"minecraft:spruce_button":1,"minecraft:carrot":1}},"DataVersion":3465}