{"stats":{"minecraft:killed_by":{"iceandfire:ice_dragon":2,"minecraft:creeper":2,"iceandfire:sea_serpent":2},"minecraft:custom":{"minecraft:interact_with_furnace":4,"minecraft:mob_kills":6,"minecraft:interact_with_crafting_table":17,"minecraft:time_since_death":20472,"minecraft:climb_one_cm":0,"minecraft:time_since_rest":20128,"minecraft:waystone_activated":1,"minecraft:sprint_one_cm":212077,"minecraft:damage_taken":2558,"minecraft:walk_one_cm":153364,"minecraft:drop":44,"minecraft:damage_dealt":1291,"minecraft:swim_one_cm":70183,"minecraft:fly_one_cm":171690,"minecraft:open_chest":6,"minecraft:crouch_one_cm":1344,"minecraft:play_time":79717,"tombstone:undead_killed":5,"minecraft:deaths":6,"minecraft:sneak_time":398,"minecraft:walk_under_water_one_cm":14663,"minecraft:boat_one_cm":416207,"minecraft:jump":863,"minecraft:walk_on_water_one_cm":13707,"minecraft:total_world_time":79717,"minecraft:fall_one_cm":12256},"minecraft:killed":{"minecraft:spider":1,"minecraft:zombie":5},"minecraft:crafted":{"minecraft:crafting_table":3,"minecraft:spruce_planks":72,"minecraft:spruce_button":1,"minecraft:wooden_pickaxe":1,"minecraft:furnace":1,"minecraft:bucket":1,"minecraft:stone_axe":1,"minecraft:bread":8,"minecraft:shield":1,"minecraft:stick":20,"minecraft:iron_ingot":5,"minecraft:stone_pickaxe":1,"minecraft:wooden_axe":1,"minecraft:spruce_boat":3,"minecraft:torch":56},"minecraft:mined":{"minecraft:spruce_planks":10,"minecraft:brown_mushroom":11,"iceandfire:silver_ore":2,"minecraft:crafting_table":7,"minecraft:grass_block":2,"minecraft:dead_bush":1,"minecraft:spruce_leaves":13,"minecraft:sugar_cane":1,"minecraft:wall_torch":1,"minecraft:large_fern":6,"minecraft:iron_ore":9,"minecraft:ice":2,"minecraft:sweet_berry_bush":7,"minecraft:spruce_log":132,"minecraft:wither_rose":2,"minecraft:grass":1,"minecraft:coal_ore":15,"minecraft:cracked_stone_bricks":4,"minecraft:stone":42,"minecraft:netherrack":2,"minecraft:fern":7},"minecraft:picked_up":{"minecraft:wooden_axe":5,"minecraft:crafting_table":7,"minecraft:cooked_beef":6,"minecraft:brown_mushroom":12,"minecraft:wooden_pickaxe":1,"minecraft:wither_rose":2,"minecraft:gunpowder":2,"minecraft:deepslate_tile_slab":2,"minecraft:string":4,"minecraft:dirt":3,"minecraft:cooked_mutton":3,"farmersdelight:iron_knife":1,"minecraft:cracked_stone_bricks":7,"minecraft:wheat_seeds":2,"minecraft:cobbled_deepslate":10,"iceandfire:armor_silver_metal_helmet":1,"minecraft:spruce_planks":10,"minecraft:stone_pickaxe":1,"farmersdelight:straw":1,"minecraft:sugar_cane":2,"minecraft:stick":3,"minecraft:raw_iron":9,"minecraft:sweet_berries":17,"minecraft:sand":8,"minecraft:spruce_sapling":5,"minecraft:spruce_log":128,"minecraft:carrot":2,"minecraft:rotten_flesh":4,"minecraft:spruce_button":4,"minecraft:netherrack":4,"minecraft:coal":15,"iceandfire:raw_silver":2,"minecraft:cobblestone":43},"minecraft:used":{"farmersdelight:iron_knife":60,"minecraft:stone_pickaxe":45,"minecraft:spruce_planks":19,"minecraft:wooden_pickaxe":31,"minecraft:cracked_stone_bricks":7,"minecraft:torch":23,"minecraft:dirt":3,"minecraft:crafting_table":7,"minecraft:carrot":14,"minecraft:spruce_boat":3,"minecraft:wooden_axe":39,"minecraft:stone_axe":99,"minecraft:cobblestone":7,"minecraft:furnace":1,"tombstone:gift":2,"minecraft:wither_rose":2,"minecraft:cooked_beef":2,"minecraft:potato":6},"minecraft:dropped":{"minecraft:bread":8,"minecraft:sugar_cane":1,"minecraft:brown_mushroom":1,"minecraft:wheat_seeds":2,"minecraft:cobbled_deepslate":5,"minecraft:spruce_button":5,"minecraft:deepslate_tile_slab":2,"minecraft:carrot":1,"minecraft:stick":1,"minecraft:dirt":2,"minecraft:gunpowder":3,"minecraft:spruce_planks":1,"minecraft:wooden_axe":5,"farmersdelight:onion":1,"minecraft:spruce_log":65,"minecraft:sand":1,"minecraft:stone_pickaxe":1,"minecraft:wooden_pickaxe":1,"minecraft:string":4,"minecraft:netherrack":2}},"DataVersion":3465}