{"stats":{"minecraft:killed_by":{"iceandfire:ice_dragon":2,"minecraft:creeper":2,"iceandfire:sea_serpent":2},"minecraft:custom":{"minecraft:mob_kills":5,"minecraft:interact_with_crafting_table":12,"minecraft:time_since_death":8472,"minecraft:climb_one_cm":0,"minecraft:time_since_rest":8128,"minecraft:waystone_activated":1,"minecraft:sprint_one_cm":187319,"minecraft:damage_taken":2468,"minecraft:walk_one_cm":126106,"minecraft:drop":21,"minecraft:damage_dealt":1096,"minecraft:swim_one_cm":70183,"minecraft:fly_one_cm":161965,"minecraft:open_chest":6,"minecraft:crouch_one_cm":1344,"minecraft:play_time":67717,"tombstone:undead_killed":5,"minecraft:deaths":6,"minecraft:sneak_time":368,"minecraft:walk_under_water_one_cm":14663,"minecraft:boat_one_cm":416207,"minecraft:jump":709,"minecraft:walk_on_water_one_cm":11517,"minecraft:total_world_time":67717,"minecraft:fall_one_cm":11718},"minecraft:killed":{"minecraft:zombie":5},"minecraft:crafted":{"minecraft:crafting_table":3,"minecraft:spruce_planks":48,"minecraft:spruce_button":1,"minecraft:wooden_pickaxe":1,"minecraft:stone_axe":1,"minecraft:bread":8,"minecraft:stick":8,"minecraft:stone_pickaxe":1,"minecraft:wooden_axe":1,"minecraft:spruce_boat":3},"minecraft:mined":{"minecraft:spruce_planks":10,"minecraft:brown_mushroom":11,"minecraft:crafting_table":7,"minecraft:grass_block":2,"minecraft:spruce_leaves":13,"minecraft:sugar_cane":1,"minecraft:large_fern":4,"minecraft:ice":2,"minecraft:sweet_berry_bush":7,"minecraft:spruce_log":107,"minecraft:grass":1,"minecraft:coal_ore":15,"minecraft:cracked_stone_bricks":2,"minecraft:stone":31,"minecraft:netherrack":2,"minecraft:fern":7},"minecraft:picked_up":{"minecraft:wooden_axe":5,"minecraft:crafting_table":7,"minecraft:brown_mushroom":12,"minecraft:wooden_pickaxe":1,"minecraft:wither_rose":1,"minecraft:deepslate_tile_slab":1,"minecraft:dirt":1,"minecraft:cooked_mutton":3,"farmersdelight:iron_knife":1,"minecraft:cracked_stone_bricks":5,"minecraft:wheat_seeds":1,"minecraft:cobbled_deepslate":5,"iceandfire:armor_silver_metal_helmet":1,"minecraft:spruce_planks":10,"farmersdelight:straw":1,"minecraft:sugar_cane":1,"minecraft:stick":2,"minecraft:sweet_berries":17,"minecraft:sand":8,"minecraft:spruce_sapling":5,"minecraft:spruce_log":103,"minecraft:carrot":2,"minecraft:rotten_flesh":4,"minecraft:spruce_button":1,"minecraft:netherrack":2,"minecraft:coal":15,"minecraft:cobblestone":31},"minecraft:used":{"farmersdelight:iron_knife":48,"minecraft:stone_pickaxe":21,"minecraft:spruce_planks":19,"minecraft:wooden_pickaxe":31,"minecraft:cracked_stone_bricks":3,"minecraft:crafting_table":6,"minecraft:carrot":14,"minecraft:spruce_boat":3,"minecraft:wooden_axe":39,"minecraft:stone_axe":74,"minecraft:cobblestone":7,"tombstone:gift":2,"minecraft:wither_rose":1,"minecraft:potato":6},"minecraft:dropped":{"minecraft:bread":8,"minecraft:brown_mushroom":1,"minecraft:spruce_button":1,"minecraft:carrot":1,"minecraft:spruce_planks":1,"minecraft:wooden_axe":5,"farmersdelight:onion":1,"minecraft:spruce_log":1,"minecraft:sand":1,"minecraft:wooden_pickaxe":1}},"DataVersion":3465}