{"stats":{"minecraft:killed_by":{"iceandfire:ice_dragon":2,"iceandfire:sea_serpent":2,"minecraft:creeper":1},"minecraft:custom":{"minecraft:time_since_rest":9315,"minecraft:waystone_activated":1,"minecraft:sprint_one_cm":147773,"minecraft:damage_taken":1673,"minecraft:walk_one_cm":88595,"minecraft:drop":20,"minecraft:damage_dealt":101,"minecraft:interact_with_crafting_table":12,"minecraft:swim_one_cm":70183,"minecraft:fly_one_cm":141877,"minecraft:open_chest":5,"minecraft:crouch_one_cm":1344,"minecraft:play_time":55717,"minecraft:deaths":5,"minecraft:sneak_time":325,"minecraft:walk_under_water_one_cm":14663,"minecraft:boat_one_cm":416207,"minecraft:jump":509,"minecraft:time_since_death":9465,"minecraft:walk_on_water_one_cm":11517,"minecraft:climb_one_cm":0,"minecraft:total_world_time":55717,"minecraft:fall_one_cm":7339},"minecraft:crafted":{"minecraft:crafting_table":3,"minecraft:spruce_planks":48,"minecraft:stick":8,"minecraft:spruce_button":1,"minecraft:wooden_pickaxe":1,"minecraft:stone_pickaxe":1,"minecraft:wooden_axe":1,"minecraft:spruce_boat":3,"minecraft:stone_axe":1,"minecraft:bread":8},"minecraft:mined":{"minecraft:large_fern":1,"minecraft:spruce_planks":10,"minecraft:brown_mushroom":7,"minecraft:sweet_berry_bush":7,"minecraft:ice":2,"minecraft:spruce_log":34,"minecraft:crafting_table":7,"minecraft:grass_block":2,"minecraft:coal_ore":15,"minecraft:spruce_leaves":12,"minecraft:netherrack":2,"minecraft:stone":31,"minecraft:sugar_cane":1},"minecraft:picked_up":{"minecraft:wooden_axe":5,"minecraft:stick":2,"minecraft:crafting_table":7,"minecraft:sweet_berries":17,"minecraft:brown_mushroom":8,"minecraft:wooden_pickaxe":1,"minecraft:sand":8,"minecraft:spruce_sapling":3,"minecraft:carrot":1,"minecraft:spruce_log":35,"minecraft:deepslate_tile_slab":1,"minecraft:dirt":1,"minecraft:cooked_mutton":3,"minecraft:rotten_flesh":2,"farmersdelight:iron_knife":1,"iceandfire:armor_silver_metal_helmet":1,"minecraft:spruce_planks":10,"minecraft:spruce_button":1,"minecraft:netherrack":2,"minecraft:sugar_cane":1,"minecraft:coal":15,"minecraft:cobblestone":31},"minecraft:used":{"minecraft:spruce_boat":3,"farmersdelight:iron_knife":4,"minecraft:wooden_axe":39,"minecraft:stone_pickaxe":19,"minecraft:spruce_planks":19,"minecraft:wooden_pickaxe":31,"minecraft:stone_axe":1,"minecraft:cobblestone":7,"minecraft:crafting_table":6,"minecraft:carrot":7,"tombstone:gift":2},"minecraft:dropped":{"minecraft:bread":8,"minecraft:brown_mushroom":1,"minecraft:spruce_planks":1,"minecraft:wooden_axe":5,"minecraft:spruce_log":1,"minecraft:sand":1,"minecraft:wooden_pickaxe":1,"minecraft:spruce_button":1,"minecraft:carrot":1}},"DataVersion":3465}