{"stats":{"minecraft:killed_by":{"iceandfire:sea_serpent":2,"minecraft:creeper":1},"minecraft:custom":{"minecraft:time_since_rest":5893,"minecraft:waystone_activated":1,"minecraft:sprint_one_cm":92699,"minecraft:damage_taken":1164,"minecraft:walk_one_cm":69554,"minecraft:drop":19,"minecraft:damage_dealt":101,"minecraft:interact_with_crafting_table":11,"minecraft:swim_one_cm":67033,"minecraft:fly_one_cm":75350,"minecraft:open_chest":1,"minecraft:crouch_one_cm":1344,"minecraft:play_time":43717,"minecraft:deaths":3,"minecraft:sneak_time":316,"minecraft:walk_under_water_one_cm":14406,"minecraft:boat_one_cm":416207,"minecraft:jump":287,"minecraft:time_since_death":8292,"minecraft:walk_on_water_one_cm":9586,"minecraft:climb_one_cm":0,"minecraft:total_world_time":43717,"minecraft:fall_one_cm":4639},"minecraft:crafted":{"minecraft:crafting_table":3,"minecraft:spruce_planks":48,"minecraft:stick":4,"minecraft:spruce_button":1,"minecraft:wooden_pickaxe":1,"minecraft:wooden_axe":1,"minecraft:spruce_boat":3,"minecraft:bread":8},"minecraft:mined":{"minecraft:large_fern":1,"minecraft:spruce_planks":10,"minecraft:brown_mushroom":7,"minecraft:sweet_berry_bush":7,"minecraft:ice":2,"minecraft:spruce_log":26,"minecraft:crafting_table":6,"minecraft:spruce_leaves":11,"minecraft:stone":15,"minecraft:sugar_cane":1},"minecraft:picked_up":{"minecraft:wooden_axe":5,"minecraft:stick":2,"minecraft:crafting_table":6,"minecraft:sweet_berries":17,"minecraft:brown_mushroom":8,"minecraft:sand":7,"minecraft:spruce_sapling":3,"minecraft:carrot":1,"minecraft:spruce_log":27,"minecraft:cooked_mutton":3,"minecraft:rotten_flesh":2,"farmersdelight:iron_knife":1,"iceandfire:armor_silver_metal_helmet":1,"minecraft:spruce_planks":10,"minecraft:spruce_button":1,"minecraft:sugar_cane":1,"minecraft:cobblestone":15},"minecraft:used":{"minecraft:spruce_boat":3,"farmersdelight:iron_knife":3,"minecraft:wooden_axe":39,"minecraft:spruce_planks":12,"minecraft:wooden_pickaxe":17,"minecraft:cobblestone":7,"minecraft:crafting_table":5,"minecraft:carrot":5,"tombstone:gift":2},"minecraft:dropped":{"minecraft:bread":8,"minecraft:brown_mushroom":1,"minecraft:spruce_planks":1,"minecraft:wooden_axe":5,"minecraft:spruce_log":1,"minecraft:sand":1,"minecraft:spruce_button":1,"minecraft:carrot":1}},"DataVersion":3465}