{"stats":{"minecraft:killed_by":{"iceandfire:sea_serpent":1,"minecraft:creeper":1},"minecraft:custom":{"minecraft:time_since_rest":159,"minecraft:waystone_activated":1,"minecraft:sprint_one_cm":52084,"minecraft:damage_taken":695,"minecraft:walk_one_cm":35529,"minecraft:drop":5,"minecraft:interact_with_crafting_table":5,"minecraft:swim_one_cm":5265,"minecraft:fly_one_cm":15891,"minecraft:open_chest":1,"minecraft:crouch_one_cm":1119,"minecraft:play_time":19717,"minecraft:deaths":2,"minecraft:sneak_time":147,"minecraft:walk_under_water_one_cm":1219,"minecraft:boat_one_cm":186660,"minecraft:jump":102,"minecraft:time_since_death":1257,"minecraft:walk_on_water_one_cm":1265,"minecraft:total_world_time":19717,"minecraft:fall_one_cm":1947},"minecraft:crafted":{"minecraft:crafting_table":2,"minecraft:spruce_planks":36,"minecraft:stick":4,"minecraft:spruce_button":1,"minecraft:wooden_pickaxe":1,"minecraft:wooden_axe":1,"minecraft:spruce_boat":2},"minecraft:mined":{"minecraft:large_fern":1,"minecraft:brown_mushroom":7,"minecraft:sweet_berry_bush":7,"minecraft:spruce_log":20,"minecraft:crafting_table":4,"minecraft:spruce_leaves":8,"minecraft:stone":15,"minecraft:sugar_cane":1},"minecraft:picked_up":{"minecraft:wooden_axe":1,"minecraft:stick":2,"minecraft:crafting_table":4,"minecraft:sweet_berries":17,"minecraft:brown_mushroom":8,"minecraft:sand":7,"minecraft:spruce_sapling":3,"minecraft:spruce_log":21,"minecraft:spruce_button":1,"minecraft:sugar_cane":1,"minecraft:cobblestone":15},"minecraft:used":{"minecraft:spruce_boat":2,"minecraft:wooden_axe":28,"minecraft:wooden_pickaxe":15,"minecraft:cobblestone":7,"minecraft:crafting_table":3,"tombstone:gift":2},"minecraft:dropped":{"minecraft:brown_mushroom":1,"minecraft:wooden_axe":1,"minecraft:spruce_log":1,"minecraft:sand":1,"minecraft:spruce_button":1}},"DataVersion":3465}