{"stats":{"minecraft:custom":{"minecraft:time_since_rest":7717,"minecraft:waystone_activated":1,"minecraft:crouch_one_cm":505,"minecraft:play_time":7717,"minecraft:sprint_one_cm":10532,"minecraft:damage_taken":50,"minecraft:walk_one_cm":14148,"minecraft:sneak_time":56,"minecraft:walk_under_water_one_cm":422,"minecraft:drop":2,"minecraft:jump":21,"minecraft:walk_on_water_one_cm":111,"minecraft:time_since_death":7717,"minecraft:total_world_time":7717,"minecraft:interact_with_crafting_table":3,"minecraft:fall_one_cm":1053,"minecraft:fly_one_cm":3925},"minecraft:crafted":{"minecraft:crafting_table":1,"minecraft:spruce_planks":20,"minecraft:stick":4,"minecraft:spruce_button":1,"minecraft:wooden_pickaxe":1,"minecraft:wooden_axe":1},"minecraft:mined":{"minecraft:brown_mushroom":7,"minecraft:stone":15,"minecraft:spruce_leaves":4,"minecraft:spruce_log":11,"minecraft:crafting_table":1},"minecraft:picked_up":{"minecraft:crafting_table":1,"minecraft:brown_mushroom":8,"minecraft:spruce_sapling":1,"minecraft:spruce_log":12,"minecraft:cobblestone":15},"minecraft:used":{"minecraft:wooden_axe":10,"minecraft:crafting_table":1,"minecraft:wooden_pickaxe":15},"minecraft:dropped":{"minecraft:spruce_log":1,"minecraft:brown_mushroom":1}},"DataVersion":3465}