{"stats":{"minecraft:crafted":{"minecraft:iron_boots":1,"minecraft:iron_chestplate":1,"minecraft:shield":1,"minecraft:iron_axe":1,"minecraft:crafting_table":1,"minecraft:spruce_planks":48,"minecraft:stick":8,"minecraft:iron_helmet":1,"minecraft:wooden_pickaxe":1,"minecraft:stone_pickaxe":1,"minecraft:wooden_axe":1,"minecraft:iron_leggings":1,"minecraft:spruce_boat":1},"minecraft:mined":{"iceandfire:graveyard_soil":5,"iceandfire:silver_ore":7,"minecraft:sweet_berry_bush":6,"minecraft:spruce_log":19,"minecraft:crafting_table":3,"minecraft:grass_block":2,"minecraft:coal_ore":14,"iceandfire:ghost_chest":1,"minecraft:dirt":1,"minecraft:tall_grass":1,"minecraft:spruce_leaves":4,"minecraft:stone":38,"minecraft:sugar_cane":2},"minecraft:custom":{"minecraft:time_since_rest":23495,"minecraft:sprint_one_cm":67680,"minecraft:damage_taken":279,"minecraft:walk_one_cm":38342,"minecraft:trigger_trapped_chest":2,"minecraft:mob_kills":7,"minecraft:damage_dealt":1479,"minecraft:interact_with_crafting_table":5,"minecraft:swim_one_cm":11089,"minecraft:fly_one_cm":95616,"minecraft:open_chest":5,"minecraft:crouch_one_cm":309,"tombstone:undead_killed":4,"minecraft:play_time":23495,"minecraft:sneak_time":146,"minecraft:walk_under_water_one_cm":1367,"minecraft:boat_one_cm":188834,"minecraft:jump":436,"minecraft:leave_game":1,"minecraft:walk_on_water_one_cm":1793,"minecraft:time_since_death":23495,"minecraft:total_world_time":23495,"minecraft:fall_one_cm":8943},"minecraft:killed":{"minecraft:zombie":2,"minecraft:pig":1,"iceandfire:ghost":2,"minecraft:cow":2},"minecraft:picked_up":{"minecraft:crafting_table":3,"iceandfire:ghost_chest":1,"minecraft:copper_ingot":1,"minecraft:sweet_berries":16,"minecraft:leather":4,"minecraft:porkchop":1,"iceandfire:ectoplasm":3,"minecraft:spruce_log":19,"iceandfire:manuscript":7,"minecraft:dirt":3,"minecraft:diamond_shovel":1,"minecraft:gold_nugget":15,"minecraft:bone":12,"iceandfire:graveyard_soil":6,"minecraft:spruce_boat":3,"minecraft:beef":4,"minecraft:cobweb":4,"minecraft:sugar_cane":4,"minecraft:coal":14,"iceandfire:raw_silver":7,"minecraft:cobblestone":37},"minecraft:used":{"minecraft:spruce_boat":4,"minecraft:wooden_axe":25,"minecraft:diamond_shovel":8,"minecraft:iron_axe":8,"minecraft:stone_pickaxe":27,"minecraft:wooden_pickaxe":32,"minecraft:dirt":1,"minecraft:cobblestone":4,"minecraft:beef":4,"minecraft:sweet_berries":17,"minecraft:crafting_table":3,"minecraft:porkchop":1}},"DataVersion":3465}