{"stats":{"minecraft:crafted":{"minecraft:spruce_boat":1,"minecraft:crafting_table":1,"minecraft:spruce_planks":48,"minecraft:stick":8,"minecraft:wooden_pickaxe":1,"minecraft:stone_pickaxe":1,"minecraft:wooden_axe":1},"minecraft:mined":{"minecraft:spruce_leaves":3,"minecraft:spruce_log":12,"minecraft:stone":32,"minecraft:sugar_cane":2,"minecraft:crafting_table":1},"minecraft:custom":{"minecraft:time_since_rest":11495,"minecraft:sprint_one_cm":20599,"minecraft:play_time":11495,"minecraft:damage_taken":40,"minecraft:walk_one_cm":10160,"minecraft:sneak_time":13,"minecraft:walk_under_water_one_cm":356,"minecraft:mob_kills":2,"minecraft:boat_one_cm":156569,"minecraft:jump":100,"minecraft:damage_dealt":310,"minecraft:leave_game":1,"minecraft:time_since_death":11495,"minecraft:walk_on_water_one_cm":1710,"minecraft:total_world_time":11495,"minecraft:swim_one_cm":8933,"minecraft:interact_with_crafting_table":2,"minecraft:fall_one_cm":2899,"minecraft:fly_one_cm":21313},"minecraft:killed":{"minecraft:cow":2},"minecraft:picked_up":{"minecraft:crafting_table":1,"minecraft:leather":4,"minecraft:spruce_boat":1,"minecraft:beef":4,"minecraft:spruce_log":12,"minecraft:sugar_cane":4,"minecraft:cobblestone":32},"minecraft:used":{"minecraft:spruce_boat":1,"minecraft:wooden_axe":6,"minecraft:beef":4,"minecraft:crafting_table":2,"minecraft:wooden_pickaxe":32}},"DataVersion":3465}