{"stats":{"minecraft:killed_by":{"iceandfire:dread_beast":1,"iceandfire:cyclops":9,"minecraft:iron_golem":1,"iceandfire:ice_dragon":38,"minecraft:skeleton":3},"minecraft:custom":{"minecraft:mob_kills":110,"minecraft:animals_bred":1,"minecraft:interact_with_crafting_table":19,"minecraft:leave_game":10,"minecraft:time_since_death":4086,"minecraft:climb_one_cm":3063,"minecraft:sprint_one_cm":709042,"minecraft:walk_one_cm":496593,"minecraft:damage_blocked_by_shield":1865,"tombstone:eaten_lollipop":3,"minecraft:drop":84,"minecraft:damage_dealt_absorbed":160,"minecraft:play_time":219507,"minecraft:deaths":57,"minecraft:sneak_time":9845,"minecraft:walk_under_water_one_cm":19693,"minecraft:boat_one_cm":195764,"minecraft:interact_with_brewingstand":1,"minecraft:jump":5476,"minecraft:walk_on_water_one_cm":55455,"minecraft:total_world_time":219507,"minecraft:interact_with_furnace":3,"minecraft:sleep_in_bed":4,"minecraft:time_since_rest":3875,"minecraft:waystone_activated":3,"minecraft:damage_taken":18604,"minecraft:trigger_trapped_chest":2,"tombstone:sneak_grave":3,"minecraft:damage_dealt":29089,"minecraft:swim_one_cm":30865,"minecraft:fly_one_cm":1046519,"minecraft:open_chest":58,"minecraft:crouch_one_cm":23725,"tombstone:undead_killed":52,"minecraft:fall_one_cm":165584},"minecraft:broken":{"iceandfire:armor_silver_metal_leggings":1,"minecraft:iron_leggings":1,"iceandfire:armor_silver_metal_helmet":1,"minecraft:shield":1,"minecraft:iron_axe":2,"minecraft:iron_pickaxe":2,"quark:forgotten_hat":1,"iceandfire:armor_silver_metal_chestplate":1,"iceandfire:armor_silver_metal_boots":1},"minecraft:killed":{"minecraft:cave_spider":3,"minecraft:spider":2,"quark:toretoise":1,"iceandfire:dread_beast":3,"minecraft:slime":15,"quark:forgotten":1,"minecraft:skeleton":22,"minecraft:silverfish":2,"minecraft:pig":4,"iceandfire:cyclops":1,"minecraft:iron_golem":1,"minecraft:creeper":1,"minecraft:zombie":24,"iceandfire:ghost":2,"iceandfire:ice_dragon":4,"minecraft:cow":5},"minecraft:crafted":{"iceandfire:dragon_flute":2,"minecraft:bow":1,"minecraft:iron_boots":1,"minecraft:iron_axe":2,"minecraft:stone_pickaxe":1,"minecraft:spruce_boat":1,"iceandfire:armor_silver_metal_boots":1,"quark:spruce_chest":2,"minecraft:wheat":162,"iceandfire:silver_ingot":5,"minecraft:crafting_table":2,"minecraft:spruce_planks":200,"minecraft:wooden_pickaxe":1,"minecraft:iron_helmet":1,"farmersdelight:skillet":1,"minecraft:bread":54,"minecraft:air":0,"minecraft:iron_chestplate":1,"minecraft:paper":3,"minecraft:shield":1,"minecraft:stick":20,"minecraft:iron_pickaxe":1,"minecraft:wooden_axe":1,"minecraft:iron_leggings":1,"minecraft:torch":16},"minecraft:mined":{"minecraft:diamond_ore":5,"minecraft:tuff":31,"minecraft:spruce_planks":3,"minecraft:white_bed":7,"iceandfire:graveyard_soil":5,"iceandfire:silver_ore":9,"quark:shale":21,"minecraft:deepslate_diamond_ore":52,"quark:glow_shroom_stem":2,"minecraft:granite":21,"minecraft:grass_block":15,"iceandfire:dread_spawner":1,"minecraft:spruce_leaves":20,"minecraft:spawner":1,"minecraft:hay_block":18,"minecraft:iron_ore":11,"minecraft:andesite":22,"minecraft:rail":1,"iceandfire:dread_stone_bricks_cracked":4,"minecraft:stone":141,"minecraft:deepslate_redstone_ore":3,"minecraft:light_gray_carpet":1,"minecraft:red_bed":10,"minecraft:powder_snow":86,"minecraft:crafting_table":6,"iceandfire:dragon_ice_spikes":12,"minecraft:torch":9,"iceandfire:ghost_chest":2,"minecraft:copper_ore":2,"quark:glow_shroom_block":6,"minecraft:tall_grass":1,"minecraft:deepslate_gold_ore":17,"minecraft:sugar_cane":5,"minecraft:oak_planks":1,"minecraft:diorite":20,"minecraft:wall_torch":4,"minecraft:chain":1,"minecraft:purple_bed":2,"minecraft:sweet_berry_bush":6,"minecraft:white_carpet":2,"minecraft:spruce_log":51,"quark:glow_shroom":1,"minecraft:oak_log":5,"minecraft:grass":3,"iceandfire:silver_pile":17,"minecraft:coal_ore":14,"minecraft:gravel":7,"minecraft:dirt":13,"minecraft:oak_leaves":1,"minecraft:gold_ore":5,"iceandfire:dread_stone_bricks":6,"minecraft:deepslate":216,"minecraft:infested_stone":2},"minecraft:picked_up":{"iceandfire:dread_stone_bricks":5,"minecraft:crafting_table":7,"minecraft:iron_chestplate":1,"minecraft:brown_mushroom":2,"minecraft:infested_stone":24,"minecraft:chain":1,"iceandfire:manuscript":7,"minecraft:string":4,"minecraft:red_bed":12,"minecraft:raw_copper":17,"minecraft:white_carpet":2,"iceandfire:graveyard_soil":6,"minecraft:gold_nugget":15,"minecraft:cobbled_deepslate":215,"minecraft:spruce_planks":2,"minecraft:beef":8,"minecraft:poppy":1,"minecraft:sugar_cane":15,"iceandfire:ice_dragon_heart":4,"minecraft:stick":12,"minecraft:raw_iron":30,"iceandfire:dragonbone":116,"iceandfire:ghost_chest":2,"minecraft:copper_ingot":1,"minecraft:torch":24,"iceandfire:dragonscales_white":12,"sophisticatedbackpacks:backpack":3,"minecraft:porkchop":6,"tombstone:grave_dust":11,"minecraft:diorite":19,"minecraft:carrot":1,"minecraft:redstone":15,"tombstone:lollipop":7,"iceandfire:dragon_skull_ice":8,"minecraft:arrow":48,"minecraft:rotten_flesh":23,"minecraft:hay_block":18,"minecraft:gold_ingot":2,"sophisticatedbackpacks:copper_backpack":2,"minecraft:mutton":12,"minecraft:rail":2,"minecraft:skeleton_skull":1,"minecraft:white_wool":6,"minecraft:cobblestone":137,"minecraft:feather":2,"farmersdelight:rice":4,"minecraft:andesite":22,"minecraft:leather":14,"minecraft:flint":2,"minecraft:tuff":31,"minecraft:oak_log":5,"iceandfire:ectoplasm":3,"iceandfire:dread_stone_bricks_cracked":3,"minecraft:gunpowder":9,"iceandfire:dragonscales_blue":29,"minecraft:dirt":29,"quark:forgotten_hat":1,"minecraft:name_tag":1,"minecraft:bone":53,"minecraft:bow":4,"minecraft:wheat_seeds":4,"minecraft:raw_gold":22,"minecraft:iron_ingot":4,"minecraft:rabbit_hide":4,"quark:glow_shroom":3,"minecraft:cobweb":12,"minecraft:oak_planks":1,"minecraft:sweet_berries":16,"quark:shale":21,"iceandfire:dragonscales_sapphire":23,"minecraft:gravel":12,"minecraft:spruce_sapling":8,"quark:glow_lichen_growth":1,"minecraft:white_bed":7,"minecraft:spruce_log":57,"minecraft:spider_eye":1,"minecraft:bundle":2,"minecraft:diamond_shovel":1,"minecraft:purple_bed":2,"minecraft:slime_ball":5,"minecraft:diamond":56,"minecraft:spruce_boat":5,"iceandfire:dragon_ice":7,"minecraft:iron_helmet":2,"minecraft:granite":21,"iceandfire:ice_dragon_flesh":12,"minecraft:bread":7,"tombstone:magic_scroll":3,"minecraft:light_gray_carpet":1,"iceandfire:silver_nugget":424,"minecraft:coal":14,"iceandfire:raw_silver":10},"minecraft:used":{"iceandfire:silver_sword":258,"minecraft:light_gray_carpet":1,"minecraft:spruce_planks":121,"minecraft:shield":47,"tombstone:lollipop":3,"minecraft:torch":45,"minecraft:dirt":25,"minecraft:white_carpet":1,"minecraft:tuff":25,"minecraft:granite":5,"minecraft:wooden_axe":25,"minecraft:spruce_boat":5,"quark:spruce_chest":2,"minecraft:iron_axe":284,"iceandfire:dragon_ice":1,"minecraft:bow":22,"minecraft:beef":8,"minecraft:sweet_berries":17,"tombstone:gift":7,"minecraft:cobbled_deepslate":91,"minecraft:diorite":18,"minecraft:infested_stone":24,"minecraft:stone_pickaxe":78,"minecraft:oak_planks":1,"minecraft:wooden_pickaxe":32,"minecraft:brown_mushroom":1,"iceandfire:dread_stone_bricks":4,"minecraft:crafting_table":9,"minecraft:red_bed":12,"minecraft:white_bed":7,"minecraft:diamond_shovel":14,"minecraft:bread":60,"minecraft:iron_pickaxe":536,"tombstone:grave_key":15,"iceandfire:ice_dragon_flesh":1,"minecraft:gravel":16,"minecraft:cobblestone":95,"minecraft:purple_bed":3,"minecraft:porkchop":6,"minecraft:andesite":11,"minecraft:cobweb":2,"iceandfire:dread_stone_bricks_cracked":4},"minecraft:dropped":{"farmersdelight:tomato_seeds":2,"iceandfire:raw_silver":4,"minecraft:porkchop":1,"minecraft:brown_mushroom":1,"minecraft:wheat_seeds":4,"minecraft:oak_log":1,"minecraft:feather":2,"minecraft:iron_helmet":1,"minecraft:leather":1,"minecraft:granite":16,"iceandfire:ectoplasm":3,"minecraft:copper_ingot":1,"minecraft:spruce_stairs":1,"minecraft:rail":2,"farmersdelight:rice":6,"iceandfire:graveyard_soil":6,"minecraft:stick":12,"minecraft:flint":1,"minecraft:cobweb":10,"minecraft:dirt":19,"quark:glow_lichen_growth":1,"minecraft:torch":7,"minecraft:wooden_axe":1,"iceandfire:dread_stone_bricks":1,"minecraft:chain":1,"minecraft:gold_nugget":15,"minecraft:paper":6,"minecraft:string":2,"minecraft:white_wool":4,"minecraft:bone":9,"minecraft:spruce_sapling":12,"iceandfire:dragonbone":1,"minecraft:gravel":1,"iceandfire:silver_nugget":152,"minecraft:cobbled_deepslate":6,"minecraft:raw_copper":12,"minecraft:raw_iron":10,"minecraft:white_carpet":1,"minecraft:rotten_flesh":7,"minecraft:iron_boots":1,"minecraft:diamond_shovel":1,"sophisticatedbackpacks:backpack":4,"quark:shale":21,"minecraft:carrot":1,"iceandfire:dragon_ice":8,"minecraft:poppy":1,"iceandfire:ghost_chest":2,"minecraft:gunpowder":8,"minecraft:bundle":1,"minecraft:spruce_planks":1,"iceandfire:silver_ingot":7,"sophisticatedbackpacks:copper_backpack":1,"minecraft:arrow":8,"minecraft:wooden_pickaxe":1}},"DataVersion":3465}