{"stats":{"minecraft:dropped":{"minecraft:rotten_flesh":1,"minecraft:spruce_planks":1,"iceandfire:dread_stone_bricks":1,"iceandfire:dragonbone":1},"minecraft:killed_by":{"iceandfire:dread_beast":1},"minecraft:crafted":{"iceandfire:silver_ingot":5,"minecraft:crafting_table":1,"minecraft:spruce_planks":120,"minecraft:wooden_pickaxe":1,"minecraft:iron_helmet":1,"minecraft:air":0,"minecraft:iron_chestplate":1,"minecraft:iron_boots":1,"minecraft:shield":1,"minecraft:iron_axe":1,"minecraft:stick":12,"minecraft:stone_pickaxe":1,"minecraft:wooden_axe":1,"minecraft:iron_leggings":1,"minecraft:spruce_boat":1,"minecraft:torch":16},"minecraft:mined":{"minecraft:light_gray_carpet":1,"minecraft:spruce_planks":3,"iceandfire:graveyard_soil":5,"iceandfire:silver_ore":7,"minecraft:red_bed":2,"minecraft:powder_snow":65,"minecraft:crafting_table":3,"minecraft:grass_block":5,"iceandfire:ghost_chest":2,"iceandfire:dread_spawner":1,"minecraft:tall_grass":1,"minecraft:spruce_leaves":9,"minecraft:sugar_cane":3,"minecraft:wall_torch":2,"minecraft:sweet_berry_bush":6,"minecraft:white_carpet":1,"minecraft:spruce_log":30,"minecraft:grass":1,"minecraft:coal_ore":14,"minecraft:dirt":1,"iceandfire:dread_stone_bricks_cracked":4,"minecraft:stone":38,"iceandfire:dread_stone_bricks":6},"minecraft:custom":{"minecraft:interact_with_furnace":3,"minecraft:mob_kills":14,"minecraft:interact_with_crafting_table":5,"minecraft:leave_game":2,"minecraft:time_since_death":2157,"minecraft:time_since_rest":2007,"minecraft:sprint_one_cm":110384,"minecraft:damage_taken":878,"minecraft:walk_one_cm":103027,"minecraft:damage_blocked_by_shield":80,"minecraft:trigger_trapped_chest":2,"minecraft:drop":4,"minecraft:damage_dealt":2878,"minecraft:swim_one_cm":11089,"minecraft:fly_one_cm":207918,"minecraft:open_chest":6,"minecraft:crouch_one_cm":6484,"minecraft:play_time":46426,"tombstone:undead_killed":8,"minecraft:deaths":2,"minecraft:sneak_time":3336,"minecraft:walk_under_water_one_cm":1367,"minecraft:boat_one_cm":195764,"minecraft:jump":1033,"minecraft:walk_on_water_one_cm":3000,"minecraft:total_world_time":46426,"minecraft:fall_one_cm":25024},"minecraft:killed":{"minecraft:pig":4,"iceandfire:dread_beast":3,"minecraft:skeleton":1,"minecraft:zombie":2,"iceandfire:ghost":2,"minecraft:cow":2},"minecraft:used":{"minecraft:stone_pickaxe":27,"minecraft:light_gray_carpet":1,"minecraft:spruce_planks":94,"minecraft:shield":2,"minecraft:wooden_pickaxe":32,"iceandfire:dread_stone_bricks":4,"minecraft:torch":4,"minecraft:dirt":6,"minecraft:white_carpet":1,"minecraft:crafting_table":3,"minecraft:red_bed":1,"minecraft:spruce_boat":5,"minecraft:wooden_axe":25,"minecraft:diamond_shovel":8,"minecraft:iron_axe":47,"minecraft:iron_pickaxe":14,"tombstone:grave_key":1,"minecraft:cobblestone":34,"minecraft:beef":4,"minecraft:sweet_berries":17,"minecraft:porkchop":6,"tombstone:gift":2,"minecraft:cobweb":2,"iceandfire:dread_stone_bricks_cracked":3},"minecraft:picked_up":{"iceandfire:dread_stone_bricks":5,"minecraft:iron_chestplate":1,"minecraft:crafting_table":3,"minecraft:leather":4,"iceandfire:ectoplasm":3,"iceandfire:dread_stone_bricks_cracked":3,"iceandfire:manuscript":7,"minecraft:dirt":6,"minecraft:red_bed":2,"minecraft:white_carpet":1,"minecraft:bone":23,"iceandfire:graveyard_soil":6,"minecraft:gold_nugget":15,"minecraft:spruce_planks":2,"minecraft:beef":4,"minecraft:cobweb":4,"minecraft:sugar_cane":10,"iceandfire:dragonbone":17,"iceandfire:ghost_chest":2,"minecraft:sweet_berries":16,"minecraft:copper_ingot":1,"minecraft:porkchop":6,"minecraft:spruce_sapling":1,"tombstone:grave_dust":2,"minecraft:spruce_log":30,"iceandfire:dragon_skull_ice":1,"minecraft:diamond_shovel":1,"minecraft:arrow":1,"minecraft:spruce_boat":5,"minecraft:gold_ingot":2,"minecraft:light_gray_carpet":1,"minecraft:coal":14,"iceandfire:raw_silver":7,"minecraft:cobblestone":37}},"DataVersion":3465}