{"stats":{"minecraft:crafted":{"minecraft:spruce_boat":1,"minecraft:crafting_table":1,"minecraft:spruce_planks":48,"minecraft:stick":4,"minecraft:wooden_pickaxe":1,"minecraft:wooden_axe":1},"minecraft:mined":{"minecraft:spruce_log":12,"minecraft:spruce_leaves":2,"minecraft:crafting_table":1},"minecraft:custom":{"minecraft:time_since_rest":4737,"minecraft:play_time":4737,"minecraft:sprint_one_cm":2906,"minecraft:damage_taken":40,"minecraft:walk_one_cm":2881,"minecraft:sneak_time":12,"minecraft:walk_under_water_one_cm":172,"minecraft:boat_one_cm":89505,"minecraft:jump":15,"minecraft:damage_dealt":40,"minecraft:time_since_death":4737,"minecraft:walk_on_water_one_cm":1535,"minecraft:total_world_time":4737,"minecraft:swim_one_cm":3656,"minecraft:interact_with_crafting_table":1,"minecraft:fall_one_cm":1109,"minecraft:fly_one_cm":3748},"minecraft:picked_up":{"minecraft:crafting_table":1,"minecraft:spruce_log":12},"minecraft:used":{"minecraft:spruce_boat":1,"minecraft:wooden_axe":2,"minecraft:crafting_table":1}},"DataVersion":3465}