{"stats":{"minecraft:killed_by":{"iceandfire:dread_beast":1,"iceandfire:cyclops":9,"iceandfire:ice_dragon":13,"minecraft:skeleton":3},"minecraft:custom":{"minecraft:mob_kills":56,"minecraft:interact_with_crafting_table":16,"minecraft:leave_game":10,"minecraft:time_since_death":34509,"minecraft:climb_one_cm":3063,"minecraft:sprint_one_cm":394264,"minecraft:walk_one_cm":347850,"minecraft:damage_blocked_by_shield":1805,"tombstone:eaten_lollipop":1,"minecraft:drop":46,"minecraft:damage_dealt_absorbed":120,"minecraft:play_time":147507,"minecraft:deaths":31,"minecraft:sneak_time":6057,"minecraft:walk_under_water_one_cm":10970,"minecraft:boat_one_cm":195764,"minecraft:interact_with_brewingstand":1,"minecraft:jump":3215,"minecraft:walk_on_water_one_cm":13850,"minecraft:total_world_time":147507,"minecraft:interact_with_furnace":3,"minecraft:sleep_in_bed":3,"minecraft:time_since_rest":14040,"minecraft:waystone_activated":2,"minecraft:damage_taken":9610,"minecraft:trigger_trapped_chest":2,"tombstone:sneak_grave":3,"minecraft:damage_dealt":16216,"minecraft:swim_one_cm":12676,"minecraft:fly_one_cm":605390,"minecraft:open_chest":45,"minecraft:crouch_one_cm":12157,"tombstone:undead_killed":37,"minecraft:fall_one_cm":99128},"minecraft:broken":{"minecraft:iron_leggings":1,"minecraft:iron_axe":1,"minecraft:iron_pickaxe":2,"quark:forgotten_hat":1},"minecraft:killed":{"minecraft:cave_spider":2,"minecraft:spider":1,"quark:toretoise":1,"iceandfire:dread_beast":3,"quark:forgotten":1,"minecraft:skeleton":16,"minecraft:silverfish":2,"minecraft:pig":4,"iceandfire:cyclops":1,"minecraft:creeper":1,"minecraft:zombie":15,"iceandfire:ghost":2,"iceandfire:ice_dragon":2,"minecraft:cow":5},"minecraft:crafted":{"iceandfire:dragon_flute":1,"minecraft:bow":1,"minecraft:iron_boots":1,"minecraft:iron_axe":2,"minecraft:stone_pickaxe":1,"minecraft:spruce_boat":1,"iceandfire:armor_silver_metal_boots":1,"quark:spruce_chest":2,"minecraft:wheat":162,"iceandfire:silver_ingot":5,"minecraft:crafting_table":1,"minecraft:spruce_planks":196,"minecraft:wooden_pickaxe":1,"minecraft:iron_helmet":1,"farmersdelight:skillet":1,"minecraft:bread":54,"minecraft:air":0,"minecraft:iron_chestplate":1,"minecraft:paper":3,"minecraft:shield":1,"minecraft:stick":20,"minecraft:iron_pickaxe":1,"minecraft:wooden_axe":1,"minecraft:iron_leggings":1,"minecraft:torch":16},"minecraft:mined":{"minecraft:diamond_ore":5,"minecraft:tuff":20,"minecraft:spruce_planks":3,"minecraft:white_bed":3,"iceandfire:graveyard_soil":5,"iceandfire:silver_ore":9,"quark:shale":21,"minecraft:deepslate_diamond_ore":47,"minecraft:granite":21,"minecraft:grass_block":9,"iceandfire:dread_spawner":1,"minecraft:spruce_leaves":13,"minecraft:hay_block":18,"minecraft:iron_ore":11,"minecraft:andesite":22,"minecraft:rail":1,"iceandfire:dread_stone_bricks_cracked":4,"minecraft:stone":93,"minecraft:deepslate_redstone_ore":3,"minecraft:light_gray_carpet":1,"minecraft:red_bed":10,"minecraft:powder_snow":86,"minecraft:crafting_table":6,"iceandfire:dragon_ice_spikes":9,"minecraft:torch":2,"iceandfire:ghost_chest":2,"minecraft:tall_grass":1,"minecraft:deepslate_gold_ore":17,"minecraft:sugar_cane":5,"minecraft:oak_planks":1,"minecraft:diorite":2,"minecraft:wall_torch":3,"minecraft:chain":1,"minecraft:sweet_berry_bush":6,"minecraft:white_carpet":2,"minecraft:spruce_log":51,"minecraft:grass":3,"iceandfire:silver_pile":17,"minecraft:coal_ore":14,"minecraft:gravel":6,"minecraft:dirt":10,"minecraft:gold_ore":5,"iceandfire:dread_stone_bricks":6,"minecraft:deepslate":152,"minecraft:infested_stone":2},"minecraft:picked_up":{"iceandfire:dread_stone_bricks":5,"minecraft:crafting_table":6,"minecraft:iron_chestplate":1,"minecraft:brown_mushroom":1,"minecraft:infested_stone":24,"minecraft:chain":1,"iceandfire:manuscript":7,"minecraft:string":4,"minecraft:red_bed":12,"minecraft:white_carpet":2,"iceandfire:graveyard_soil":6,"minecraft:gold_nugget":15,"minecraft:cobbled_deepslate":149,"minecraft:spruce_planks":2,"minecraft:beef":8,"minecraft:sugar_cane":15,"iceandfire:ice_dragon_heart":2,"minecraft:stick":9,"minecraft:raw_iron":20,"iceandfire:dragonbone":96,"iceandfire:ghost_chest":2,"minecraft:copper_ingot":1,"minecraft:torch":3,"iceandfire:dragonscales_white":12,"minecraft:porkchop":6,"tombstone:grave_dust":9,"minecraft:diorite":1,"minecraft:redstone":15,"tombstone:lollipop":2,"iceandfire:dragon_skull_ice":6,"minecraft:arrow":34,"minecraft:rotten_flesh":10,"minecraft:hay_block":18,"minecraft:gold_ingot":2,"sophisticatedbackpacks:copper_backpack":2,"minecraft:mutton":6,"minecraft:rail":2,"minecraft:skeleton_skull":1,"minecraft:white_wool":2,"minecraft:cobblestone":88,"farmersdelight:rice":4,"minecraft:andesite":22,"minecraft:leather":13,"minecraft:flint":1,"minecraft:tuff":20,"iceandfire:ectoplasm":3,"iceandfire:dread_stone_bricks_cracked":3,"minecraft:gunpowder":1,"minecraft:dirt":19,"quark:forgotten_hat":1,"minecraft:name_tag":1,"minecraft:bone":36,"minecraft:bow":3,"minecraft:wheat_seeds":3,"minecraft:raw_gold":22,"minecraft:rabbit_hide":4,"minecraft:cobweb":4,"minecraft:oak_planks":1,"minecraft:sweet_berries":16,"quark:shale":21,"iceandfire:dragonscales_sapphire":12,"minecraft:gravel":5,"minecraft:spruce_sapling":2,"minecraft:white_bed":3,"minecraft:spruce_log":52,"minecraft:spider_eye":1,"minecraft:bundle":1,"minecraft:diamond_shovel":1,"minecraft:diamond":51,"minecraft:spruce_boat":5,"iceandfire:dragon_ice":1,"minecraft:iron_helmet":2,"minecraft:granite":21,"iceandfire:ice_dragon_flesh":9,"tombstone:magic_scroll":3,"minecraft:light_gray_carpet":1,"iceandfire:silver_nugget":224,"minecraft:coal":14,"iceandfire:raw_silver":9},"minecraft:used":{"minecraft:light_gray_carpet":1,"minecraft:spruce_planks":121,"minecraft:shield":45,"tombstone:lollipop":1,"minecraft:torch":18,"minecraft:dirt":17,"minecraft:white_carpet":1,"minecraft:tuff":14,"minecraft:granite":5,"minecraft:wooden_axe":25,"minecraft:spruce_boat":5,"quark:spruce_chest":2,"minecraft:iron_axe":261,"iceandfire:dragon_ice":1,"minecraft:bow":16,"minecraft:beef":8,"minecraft:sweet_berries":17,"tombstone:gift":4,"minecraft:cobbled_deepslate":42,"minecraft:infested_stone":24,"minecraft:stone_pickaxe":78,"minecraft:oak_planks":1,"minecraft:wooden_pickaxe":32,"minecraft:brown_mushroom":1,"iceandfire:dread_stone_bricks":4,"minecraft:crafting_table":7,"minecraft:red_bed":12,"minecraft:white_bed":2,"minecraft:diamond_shovel":14,"minecraft:bread":12,"minecraft:iron_pickaxe":378,"tombstone:grave_key":7,"iceandfire:ice_dragon_flesh":1,"minecraft:gravel":10,"minecraft:cobblestone":46,"minecraft:porkchop":6,"minecraft:andesite":11,"minecraft:cobweb":2,"iceandfire:dread_stone_bricks_cracked":4},"minecraft:dropped":{"farmersdelight:tomato_seeds":2,"iceandfire:raw_silver":4,"minecraft:wheat_seeds":1,"minecraft:iron_helmet":1,"minecraft:granite":16,"iceandfire:ectoplasm":3,"minecraft:copper_ingot":1,"minecraft:rail":2,"farmersdelight:rice":6,"iceandfire:graveyard_soil":6,"minecraft:stick":7,"minecraft:flint":1,"minecraft:cobweb":2,"minecraft:dirt":2,"minecraft:torch":1,"minecraft:wooden_axe":1,"iceandfire:dread_stone_bricks":1,"minecraft:chain":1,"minecraft:gold_nugget":15,"minecraft:paper":6,"minecraft:string":2,"minecraft:white_wool":2,"minecraft:spruce_sapling":5,"iceandfire:dragonbone":1,"minecraft:gravel":1,"iceandfire:silver_nugget":60,"minecraft:cobbled_deepslate":4,"minecraft:rotten_flesh":3,"minecraft:iron_boots":1,"minecraft:diamond_shovel":1,"sophisticatedbackpacks:backpack":1,"quark:shale":21,"iceandfire:ghost_chest":2,"minecraft:spruce_planks":1,"iceandfire:silver_ingot":7,"sophisticatedbackpacks:copper_backpack":1,"minecraft:arrow":8,"minecraft:wooden_pickaxe":1}},"DataVersion":3465}