{"stats":{"minecraft:crafted":{"iceandfire:silver_ingot":5,"minecraft:crafting_table":1,"minecraft:spruce_planks":76,"minecraft:wooden_pickaxe":1,"minecraft:iron_helmet":1,"minecraft:air":0,"minecraft:iron_chestplate":1,"minecraft:iron_boots":1,"minecraft:shield":1,"minecraft:iron_axe":1,"minecraft:stick":8,"minecraft:stone_pickaxe":1,"minecraft:wooden_axe":1,"minecraft:iron_leggings":1,"minecraft:spruce_boat":1},"minecraft:mined":{"minecraft:light_gray_carpet":1,"iceandfire:graveyard_soil":5,"iceandfire:silver_ore":7,"minecraft:red_bed":1,"minecraft:powder_snow":35,"minecraft:crafting_table":3,"minecraft:grass_block":2,"iceandfire:ghost_chest":2,"minecraft:tall_grass":1,"minecraft:spruce_leaves":8,"minecraft:sugar_cane":3,"minecraft:sweet_berry_bush":6,"minecraft:white_carpet":1,"minecraft:spruce_log":19,"minecraft:grass":1,"minecraft:coal_ore":14,"minecraft:dirt":1,"minecraft:stone":38},"minecraft:custom":{"minecraft:interact_with_furnace":3,"minecraft:mob_kills":11,"minecraft:interact_with_crafting_table":5,"minecraft:leave_game":1,"minecraft:time_since_death":35495,"minecraft:time_since_rest":35495,"minecraft:sprint_one_cm":101488,"minecraft:damage_taken":289,"minecraft:walk_one_cm":80130,"minecraft:damage_blocked_by_shield":80,"minecraft:trigger_trapped_chest":2,"minecraft:damage_dealt":1979,"minecraft:swim_one_cm":11089,"minecraft:fly_one_cm":187705,"minecraft:open_chest":5,"minecraft:crouch_one_cm":355,"minecraft:play_time":35495,"tombstone:undead_killed":5,"minecraft:sneak_time":176,"minecraft:walk_under_water_one_cm":1367,"minecraft:boat_one_cm":195764,"minecraft:jump":862,"minecraft:walk_on_water_one_cm":3000,"minecraft:total_world_time":35495,"minecraft:fall_one_cm":18789},"minecraft:killed":{"minecraft:pig":4,"minecraft:skeleton":1,"minecraft:zombie":2,"iceandfire:ghost":2,"minecraft:cow":2},"minecraft:used":{"minecraft:stone_pickaxe":27,"minecraft:light_gray_carpet":1,"minecraft:spruce_planks":28,"minecraft:shield":2,"minecraft:wooden_pickaxe":32,"minecraft:dirt":3,"minecraft:white_carpet":1,"minecraft:crafting_table":3,"minecraft:red_bed":1,"minecraft:spruce_boat":5,"minecraft:wooden_axe":25,"minecraft:diamond_shovel":8,"minecraft:iron_axe":21,"minecraft:cobblestone":34,"minecraft:beef":4,"minecraft:sweet_berries":17,"minecraft:porkchop":6,"minecraft:cobweb":2},"minecraft:picked_up":{"minecraft:iron_chestplate":1,"minecraft:crafting_table":3,"minecraft:leather":4,"iceandfire:ectoplasm":3,"iceandfire:manuscript":7,"minecraft:dirt":3,"minecraft:red_bed":1,"minecraft:white_carpet":1,"minecraft:bone":23,"iceandfire:graveyard_soil":6,"minecraft:gold_nugget":15,"minecraft:beef":4,"minecraft:cobweb":4,"minecraft:sugar_cane":10,"iceandfire:dragonbone":16,"iceandfire:ghost_chest":2,"minecraft:sweet_berries":16,"minecraft:copper_ingot":1,"minecraft:porkchop":6,"tombstone:grave_dust":1,"minecraft:spruce_log":19,"iceandfire:dragon_skull_ice":1,"minecraft:diamond_shovel":1,"minecraft:arrow":1,"minecraft:spruce_boat":5,"minecraft:gold_ingot":2,"minecraft:light_gray_carpet":1,"minecraft:coal":14,"iceandfire:raw_silver":7,"minecraft:cobblestone":37}},"DataVersion":3465}