{
  "iceandfire:iceandfire/root": {
    "criteria": {
      "tick": "2024-10-21 22:48:04 +0000"
    },
    "done": true
  },
  "tombstone:adventure/halloween": {
    "criteria": {
      "coded_trigger": "2024-10-21 22:48:04 +0000"
    },
    "done": true
  },
  "cataclysm:root": {
    "criteria": {
      "custom_test_name": "2024-10-21 22:48:04 +0000"
    },
    "done": true
  },
  "minecraft:adventure/adventuring_time": {
    "criteria": {
      "minecraft:old_growth_pine_taiga": "2024-10-21 22:49:30 +0000",
      "minecraft:taiga": "2024-10-21 22:48:05 +0000",
      "minecraft:frozen_river": "2024-10-21 23:06:43 +0000",
      "quark:glimmering_weald": "2024-10-21 23:39:51 +0000",
      "minecraft:beach": "2024-10-21 22:49:16 +0000",
      "minecraft:river": "2024-10-21 23:14:03 +0000",
      "minecraft:stony_shore": "2024-10-22 00:00:43 +0000",
      "minecraft:snowy_taiga": "2024-10-22 00:21:47 +0000",
      "minecraft:cold_ocean": "2024-10-21 22:55:03 +0000",
      "minecraft:lush_caves": "2024-10-21 23:26:35 +0000",
      "minecraft:deep_cold_ocean": "2024-10-21 22:55:37 +0000",
      "minecraft:ice_spikes": "2024-10-21 23:05:37 +0000",
      "minecraft:frozen_ocean": "2024-10-21 23:01:16 +0000",
      "minecraft:snowy_beach": "2024-10-21 23:01:21 +0000",
      "minecraft:plains": "2024-10-21 23:01:02 +0000"
    },
    "done": false
  },
  "tombstone:adventure/root": {
    "criteria": {
      "auto": "2024-10-21 22:48:05 +0000"
    },
    "done": true
  },
  "farmersdelight:main/root": {
    "criteria": {
      "seeds": "2024-10-21 22:48:55 +0000"
    },
    "done": true
  },
  "minecraft:adventure/root": {
    "criteria": {
      "killed_by_something": "2024-10-21 22:50:55 +0000"
    },
    "done": true
  },
  "tombstone:adventure/first_grave": {
    "criteria": {
      "coded_trigger": "2024-10-21 22:50:55 +0000"
    },
    "done": true
  },
  "tombstone:recipes/from_grave_key": {
    "criteria": {
      "has_ingredient": "2024-10-21 22:50:57 +0000"
    },
    "done": true
  },
  "tombstone:adventure/enchant_grave_key": {
    "criteria": {
      "has_upgraded_grave_key": "2024-10-21 22:50:57 +0000"
    },
    "done": true
  },
  "tombstone:adventure/teleport_to_grave": {
    "criteria": {
      "coded_trigger": "2024-10-21 22:51:02 +0000"
    },
    "done": true
  },
  "tombstone:adventure/first_knowledge": {
    "criteria": {
      "coded_trigger": "2024-10-21 22:51:02 +0000"
    },
    "done": true
  },
  "tombstone:adventure/choose_knowledge": {
    "criteria": {
      "coded_trigger": "2024-10-21 22:52:27 +0000"
    },
    "done": true
  },
  "tombstone:adventure/choose_grave_type": {
    "criteria": {
      "coded_trigger": "2024-10-21 22:54:04 +0000"
    },
    "done": true
  },
  "minecraft:story/root": {
    "criteria": {
      "crafting_table": "2024-10-21 22:54:14 +0000"
    },
    "done": true
  },
  "farmersdelight:main/get_fd_seed": {
    "criteria": {
      "tomato_seeds": "2024-10-21 22:58:24 +0000"
    },
    "done": true
  },
  "minecraft:husbandry/balanced_diet": {
    "criteria": {
      "sweet_berries": "2024-10-22 00:31:18 +0000",
      "cooked_beef": "2024-10-22 23:17:19 +0000",
      "tropical_fish": "2024-10-21 23:38:11 +0000",
      "cooked_cod": "2024-10-21 23:11:56 +0000",
      "rotten_flesh": "2024-10-21 23:05:22 +0000",
      "glow_berries": "2024-10-21 23:26:45 +0000",
      "quark:crab_leg": "2024-10-21 23:24:32 +0000"
    },
    "done": false
  },
  "minecraft:husbandry/root": {
    "criteria": {
      "consumed_item": "2024-10-21 23:05:22 +0000"
    },
    "done": true
  },
  "minecraft:story/smelt_iron": {
    "criteria": {
      "iron": "2024-10-21 23:10:01 +0000"
    },
    "done": true
  },
  "minecraft:adventure/sleep_in_bed": {
    "criteria": {
      "slept_in_bed": "2024-10-21 23:19:19 +0000"
    },
    "done": true
  },
  "iceandfire:iceandfire/kill_sea_serpent": {
    "criteria": {
      "killed_fire_dragon": "2024-10-21 23:23:21 +0000"
    },
    "done": true
  },
  "minecraft:story/iron_tools": {
    "criteria": {
      "iron_pickaxe": "2024-10-21 23:25:41 +0000"
    },
    "done": true
  },
  "minecraft:story/mine_stone": {
    "criteria": {
      "get_stone": "2024-10-21 23:25:43 +0000"
    },
    "done": true
  },
  "minecraft:adventure/kill_all_mobs": {
    "criteria": {
      "minecraft:skeleton": "2024-10-21 23:34:47 +0000",
      "minecraft:spider": "2024-10-22 00:32:05 +0000",
      "minecraft:creeper": "2024-10-22 00:12:25 +0000",
      "quark:forgotten": "2024-10-21 23:57:05 +0000",
      "minecraft:enderman": "2024-10-22 00:05:42 +0000",
      "minecraft:zombie": "2024-10-21 23:26:51 +0000"
    },
    "done": false
  },
  "minecraft:adventure/kill_a_mob": {
    "criteria": {
      "minecraft:zombie": "2024-10-21 23:26:51 +0000"
    },
    "done": true
  },
  "tombstone:adventure/cancel_ghostly_shape": {
    "criteria": {
      "coded_trigger": "2024-10-21 23:32:38 +0000"
    },
    "done": true
  },
  "tombstone:recipes/from_grave_dust": {
    "criteria": {
      "has_ingredient": "2024-10-21 23:32:45 +0000"
    },
    "done": true
  },
  "minecraft:story/mine_diamond": {
    "criteria": {
      "diamond": "2024-10-21 23:33:34 +0000"
    },
    "done": true
  },
  "tombstone:adventure/find_grave_dust": {
    "criteria": {
      "from_undead": "2024-10-21 23:34:17 +0000"
    },
    "done": true
  },
  "tombstone:adventure/chain_death": {
    "criteria": {
      "coded_trigger": "2024-10-21 23:38:27 +0000"
    },
    "done": true
  },
  "tombstone:adventure/ashes_and_bones": {
    "criteria": {
      "coded_trigger": "2024-10-21 23:38:36 +0000"
    },
    "done": true
  },
  "minecraft:story/lava_bucket": {
    "criteria": {
      "lava_bucket": "2024-10-21 23:46:12 +0000"
    },
    "done": true
  },
  "minecraft:story/obtain_armor": {
    "criteria": {
      "iron_helmet": "2024-10-21 23:48:07 +0000"
    },
    "done": true
  },
  "quark:get_forgotten_hat": {
    "criteria": {
      "get_forgotten_hat": "2024-10-21 23:57:12 +0000"
    },
    "done": true
  },
  "farmersdelight:main/eat_comfort_food": {
    "criteria": {
      "comfort": "2024-10-21 23:59:36 +0000"
    },
    "done": true
  },
  "tombstone:adventure/eat_lollipop": {
    "criteria": {
      "coded_trigger": "2024-10-22 00:27:49 +0000"
    },
    "done": true
  },
  "tombstone:adventure/expert_tasting": {
    "criteria": {
      "eat_lollipop_0": "2024-10-22 00:27:49 +0000"
    },
    "done": false
  },
  "farmersdelight:main/plant_all_crops": {
    "criteria": {
      "sweet_berries": "2024-10-22 00:38:30 +0000"
    },
    "done": false
  },
  "iceandfire:iceandfire/kill_ghost": {
    "criteria": {
      "killed_fire_dragon": "2024-10-22 00:41:10 +0000"
    },
    "done": true
  },
  "iceandfire:iceandfire/kill_if_dragon": {
    "criteria": {
      "killed_ice_dragon": "2024-10-22 00:43:38 +0000"
    },
    "done": true
  },
  "minecraft:story/shiny_gear": {
    "criteria": {
      "diamond_helmet": "2024-10-22 00:45:41 +0000"
    },
    "done": true
  },
  "tombstone:adventure/funeral_theft": {
    "criteria": {
      "coded_trigger": "2024-10-22 00:45:41 +0000"
    },
    "done": true
  },
  "tombstone:adventure/discreet_search": {
    "criteria": {
      "coded_trigger": "2024-10-22 00:46:55 +0000"
    },
    "done": true
  },
  "minecraft:nether/explore_nether": {
    "criteria": {
      "minecraft:crimson_forest": "2024-10-23 00:44:40 +0000",
      "minecraft:nether_wastes": "2024-10-22 23:26:11 +0000"
    },
    "done": false
  },
  "minecraft:nether/root": {
    "criteria": {
      "entered_nether": "2024-10-22 23:26:10 +0000"
    },
    "done": true
  },
  "minecraft:nether/obtain_ancient_debris": {
    "criteria": {
      "ancient_debris": "2024-10-22 23:44:32 +0000"
    },
    "done": true
  },
  "tombstone:adventure/bone_crusher": {
    "criteria": {
      "coded_trigger": "2024-10-22 23:16:00 +0000"
    },
    "done": true
  },
  "quark:mine_toretoise": {
    "criteria": {
      "mine_toretoise": "2024-10-22 23:04:33 +0000"
    },
    "done": true
  },
  "minecraft:story/enter_the_nether": {
    "criteria": {
      "entered_nether": "2024-10-22 23:26:10 +0000"
    },
    "done": true
  },
  "DataVersion": 3465
}