{
  "iceandfire:iceandfire/root": {
    "criteria": {
      "tick": "2024-10-23 22:43:08 +0000"
    },
    "done": true
  },
  "minecraft:adventure/root": {
    "criteria": {
      "killed_something": "2024-10-23 22:46:31 +0000"
    },
    "done": true
  },
  "minecraft:adventure/kill_all_mobs": {
    "criteria": {
      "minecraft:spider": "2024-10-23 23:11:03 +0000",
      "minecraft:zombie": "2024-10-23 23:53:44 +0000",
      "minecraft:drowned": "2024-10-23 22:52:47 +0000"
    },
    "done": false
  },
  "tombstone:adventure/teleport_to_grave": {
    "criteria": {
      "coded_trigger": "2024-10-23 23:34:45 +0000"
    },
    "done": true
  },
  "minecraft:story/iron_tools": {
    "criteria": {
      "iron_pickaxe": "2024-10-23 23:19:47 +0000"
    },
    "done": true
  },
  "minecraft:adventure/kill_a_mob": {
    "criteria": {
      "minecraft:drowned": "2024-10-23 22:52:47 +0000"
    },
    "done": true
  },
  "tombstone:recipes/from_grave_dust": {
    "criteria": {
      "has_ingredient": "2024-10-23 22:57:42 +0000"
    },
    "done": true
  },
  "minecraft:adventure/adventuring_time": {
    "criteria": {
      "minecraft:old_growth_pine_taiga": "2024-10-23 23:36:22 +0000",
      "minecraft:taiga": "2024-10-23 22:43:08 +0000",
      "minecraft:frozen_river": "2024-10-23 23:31:18 +0000",
      "minecraft:sunflower_plains": "2024-10-23 23:09:36 +0000",
      "minecraft:beach": "2024-10-23 22:46:03 +0000",
      "minecraft:river": "2024-10-23 22:48:16 +0000",
      "minecraft:snowy_taiga": "2024-10-23 23:42:18 +0000",
      "minecraft:cold_ocean": "2024-10-23 22:51:45 +0000",
      "minecraft:forest": "2024-10-23 22:50:50 +0000",
      "minecraft:lush_caves": "2024-10-24 00:03:27 +0000",
      "minecraft:deep_cold_ocean": "2024-10-23 23:29:42 +0000",
      "minecraft:ice_spikes": "2024-10-23 23:31:02 +0000",
      "minecraft:frozen_ocean": "2024-10-23 23:29:51 +0000",
      "minecraft:ocean": "2024-10-23 22:52:04 +0000",
      "minecraft:snowy_beach": "2024-10-23 23:30:49 +0000",
      "minecraft:flower_forest": "2024-10-23 23:23:31 +0000",
      "minecraft:plains": "2024-10-23 22:57:30 +0000"
    },
    "done": false
  },
  "iceandfire:iceandfire/kill_ghost": {
    "criteria": {
      "killed_fire_dragon": "2024-10-23 22:58:03 +0000"
    },
    "done": true
  },
  "farmersdelight:main/craft_knife": {
    "criteria": {
      "iron_knife": "2024-10-23 23:22:50 +0000"
    },
    "done": true
  },
  "tombstone:adventure/halloween": {
    "criteria": {
      "coded_trigger": "2024-10-23 22:43:07 +0000"
    },
    "done": true
  },
  "tombstone:adventure/cancel_ghostly_shape": {
    "criteria": {
      "coded_trigger": "2024-10-23 23:35:05 +0000"
    },
    "done": true
  },
  "minecraft:husbandry/balanced_diet": {
    "criteria": {
      "cooked_mutton": "2024-10-23 23:23:15 +0000",
      "sweet_berries": "2024-10-23 22:47:33 +0000",
      "cooked_beef": "2024-10-23 23:14:45 +0000",
      "mutton": "2024-10-23 23:11:06 +0000",
      "bread": "2024-10-23 22:56:47 +0000",
      "rotten_flesh": "2024-10-23 23:02:12 +0000",
      "cooked_chicken": "2024-10-23 23:00:23 +0000",
      "quark:crab_leg": "2024-10-23 22:46:57 +0000"
    },
    "done": false
  },
  "tombstone:recipes/from_grave_key": {
    "criteria": {
      "has_ingredient": "2024-10-23 23:32:28 +0000"
    },
    "done": true
  },
  "tombstone:adventure/first_grave": {
    "criteria": {
      "coded_trigger": "2024-10-23 23:32:27 +0000"
    },
    "done": true
  },
  "minecraft:story/mine_stone": {
    "criteria": {
      "get_stone": "2024-10-23 22:48:33 +0000"
    },
    "done": true
  },
  "tombstone:adventure/create_magic_scroll": {
    "criteria": {
      "has_magic_scroll": "2024-10-23 22:52:36 +0000"
    },
    "done": true
  },
  "minecraft:husbandry/root": {
    "criteria": {
      "consumed_item": "2024-10-23 22:46:57 +0000"
    },
    "done": true
  },
  "tombstone:adventure/discreet_search": {
    "criteria": {
      "coded_trigger": "2024-10-23 23:36:43 +0000"
    },
    "done": true
  },
  "farmersdelight:main/root": {
    "criteria": {
      "seeds": "2024-10-23 22:43:42 +0000"
    },
    "done": true
  },
  "tombstone:adventure/enchant_grave_key": {
    "criteria": {
      "has_upgraded_grave_key": "2024-10-23 23:32:28 +0000"
    },
    "done": true
  },
  "tombstone:adventure/first_knowledge": {
    "criteria": {
      "coded_trigger": "2024-10-23 22:53:41 +0000"
    },
    "done": true
  },
  "minecraft:story/upgrade_tools": {
    "criteria": {
      "stone_pickaxe": "2024-10-23 22:50:03 +0000"
    },
    "done": true
  },
  "farmersdelight:main/plant_all_crops": {
    "criteria": {
      "sweet_berries": "2024-10-23 22:53:02 +0000"
    },
    "done": false
  },
  "tombstone:adventure/ashes_and_bones": {
    "criteria": {
      "coded_trigger": "2024-10-24 00:02:52 +0000"
    },
    "done": true
  },
  "farmersdelight:main/get_fd_seed": {
    "criteria": {
      "rice": "2024-10-23 22:50:30 +0000"
    },
    "done": true
  },
  "tombstone:adventure/root": {
    "criteria": {
      "auto": "2024-10-23 22:43:08 +0000"
    },
    "done": true
  },
  "cataclysm:root": {
    "criteria": {
      "custom_test_name": "2024-10-23 22:43:08 +0000"
    },
    "done": true
  },
  "minecraft:story/root": {
    "criteria": {
      "crafting_table": "2024-10-23 22:45:30 +0000"
    },
    "done": true
  },
  "tombstone:adventure/choose_knowledge": {
    "criteria": {
      "coded_trigger": "2024-10-23 22:56:09 +0000"
    },
    "done": true
  },
  "minecraft:story/smelt_iron": {
    "criteria": {
      "iron": "2024-10-23 23:17:52 +0000"
    },
    "done": true
  },
  "tombstone:adventure/use_purification": {
    "criteria": {
      "has_magic_scroll": "2024-10-23 22:53:41 +0000"
    },
    "done": true
  },
  "DataVersion": 3465
}