{
  "iceandfire:iceandfire/root": {
    "criteria": {
      "tick": "2024-10-22 23:53:36 +0000"
    },
    "done": true
  },
  "tombstone:adventure/halloween": {
    "criteria": {
      "coded_trigger": "2024-10-22 23:53:36 +0000"
    },
    "done": true
  },
  "cataclysm:root": {
    "criteria": {
      "custom_test_name": "2024-10-22 23:53:36 +0000"
    },
    "done": true
  },
  "minecraft:adventure/adventuring_time": {
    "criteria": {
      "minecraft:taiga": "2024-10-22 23:53:37 +0000",
      "minecraft:beach": "2024-10-22 23:55:13 +0000",
      "minecraft:cold_ocean": "2024-10-22 23:55:17 +0000"
    },
    "done": false
  },
  "tombstone:adventure/root": {
    "criteria": {
      "auto": "2024-10-22 23:53:37 +0000"
    },
    "done": true
  },
  "DataVersion": 3465
}