{
  "iceandfire:iceandfire/root": {
    "criteria": {
      "tick": "2024-10-23 00:26:50 +0000"
    },
    "done": true
  },
  "tombstone:adventure/halloween": {
    "criteria": {
      "coded_trigger": "2024-10-23 00:26:50 +0000"
    },
    "done": true
  },
  "cataclysm:root": {
    "criteria": {
      "custom_test_name": "2024-10-23 00:26:50 +0000"
    },
    "done": true
  },
  "minecraft:adventure/adventuring_time": {
    "criteria": {
      "minecraft:taiga": "2024-10-23 00:26:51 +0000",
      "minecraft:beach": "2024-10-23 00:40:11 +0000",
      "minecraft:stony_shore": "2024-10-23 00:28:47 +0000",
      "minecraft:cold_ocean": "2024-10-23 00:37:35 +0000",
      "minecraft:deep_cold_ocean": "2024-10-23 00:40:47 +0000"
    },
    "done": false
  },
  "tombstone:adventure/root": {
    "criteria": {
      "auto": "2024-10-23 00:26:51 +0000"
    },
    "done": true
  },
  "farmersdelight:main/root": {
    "criteria": {
      "seeds": "2024-10-23 00:27:20 +0000"
    },
    "done": true
  },
  "minecraft:story/root": {
    "criteria": {
      "crafting_table": "2024-10-23 00:28:09 +0000"
    },
    "done": true
  },
  "minecraft:story/mine_stone": {
    "criteria": {
      "get_stone": "2024-10-23 00:28:46 +0000"
    },
    "done": true
  },
  "minecraft:story/upgrade_tools": {
    "criteria": {
      "stone_pickaxe": "2024-10-23 00:28:57 +0000"
    },
    "done": true
  },
  "DataVersion": 3465
}