{
  "iceandfire:iceandfire/root": {
    "criteria": {
      "tick": "2024-10-21 22:46:18 +0000"
    },
    "done": true
  },
  "tombstone:adventure/halloween": {
    "criteria": {
      "coded_trigger": "2024-10-21 22:46:18 +0000"
    },
    "done": true
  },
  "cataclysm:root": {
    "criteria": {
      "custom_test_name": "2024-10-21 22:46:18 +0000"
    },
    "done": true
  },
  "minecraft:adventure/adventuring_time": {
    "criteria": {
      "minecraft:old_growth_pine_taiga": "2024-10-21 22:49:49 +0000",
      "minecraft:taiga": "2024-10-21 22:46:19 +0000",
      "minecraft:frozen_river": "2024-10-21 23:06:21 +0000",
      "minecraft:beach": "2024-10-21 22:49:13 +0000",
      "minecraft:river": "2024-10-21 23:14:02 +0000",
      "minecraft:snowy_plains": "2024-10-21 23:06:30 +0000",
      "minecraft:stony_shore": "2024-10-23 00:37:07 +0000",
      "minecraft:snowy_taiga": "2024-10-22 00:42:26 +0000",
      "minecraft:grove": "2024-10-23 00:44:28 +0000",
      "minecraft:cold_ocean": "2024-10-21 22:55:03 +0000",
      "minecraft:forest": "2024-10-23 00:45:13 +0000",
      "minecraft:lush_caves": "2024-10-21 23:25:38 +0000",
      "minecraft:deep_cold_ocean": "2024-10-21 22:55:36 +0000",
      "minecraft:ice_spikes": "2024-10-21 23:05:30 +0000",
      "minecraft:frozen_ocean": "2024-10-21 23:01:16 +0000",
      "minecraft:old_growth_spruce_taiga": "2024-10-21 23:14:59 +0000",
      "minecraft:snowy_beach": "2024-10-21 23:01:22 +0000",
      "minecraft:plains": "2024-10-21 23:01:02 +0000"
    },
    "done": false
  },
  "tombstone:adventure/root": {
    "criteria": {
      "auto": "2024-10-21 22:46:19 +0000"
    },
    "done": true
  },
  "farmersdelight:main/root": {
    "criteria": {
      "seeds": "2024-10-21 22:47:29 +0000"
    },
    "done": true
  },
  "minecraft:adventure/root": {
    "criteria": {
      "killed_something": "2024-10-21 22:50:55 +0000"
    },
    "done": true
  },
  "tombstone:adventure/first_knowledge": {
    "criteria": {
      "coded_trigger": "2024-10-21 22:50:57 +0000"
    },
    "done": true
  },
  "tombstone:adventure/funeral_theft": {
    "criteria": {
      "coded_trigger": "2024-10-21 22:50:57 +0000"
    },
    "done": true
  },
  "minecraft:story/root": {
    "criteria": {
      "crafting_table": "2024-10-21 22:52:11 +0000"
    },
    "done": true
  },
  "minecraft:husbandry/balanced_diet": {
    "criteria": {
      "sweet_berries": "2024-10-21 23:32:17 +0000",
      "bread": "2024-10-21 23:16:35 +0000",
      "rotten_flesh": "2024-10-22 23:18:51 +0000",
      "glow_berries": "2024-10-23 22:48:17 +0000",
      "quark:crab_leg": "2024-10-21 22:53:17 +0000",
      "carrot": "2024-10-21 22:58:27 +0000"
    },
    "done": false
  },
  "minecraft:husbandry/root": {
    "criteria": {
      "consumed_item": "2024-10-21 22:53:17 +0000"
    },
    "done": true
  },
  "tombstone:adventure/first_grave": {
    "criteria": {
      "coded_trigger": "2024-10-21 22:58:31 +0000"
    },
    "done": true
  },
  "tombstone:recipes/from_grave_key": {
    "criteria": {
      "has_ingredient": "2024-10-21 22:58:32 +0000"
    },
    "done": true
  },
  "tombstone:adventure/enchant_grave_key": {
    "criteria": {
      "has_upgraded_grave_key": "2024-10-21 22:58:32 +0000"
    },
    "done": true
  },
  "tombstone:adventure/teleport_to_grave": {
    "criteria": {
      "coded_trigger": "2024-10-21 22:58:43 +0000"
    },
    "done": true
  },
  "minecraft:story/smelt_iron": {
    "criteria": {
      "iron": "2024-10-21 23:10:20 +0000"
    },
    "done": true
  },
  "minecraft:husbandry/plant_seed": {
    "criteria": {
      "wheat": "2024-10-21 23:15:02 +0000"
    },
    "done": true
  },
  "farmersdelight:main/plant_all_crops": {
    "criteria": {
      "glow_berries": "2024-10-23 22:48:25 +0000",
      "sweet_berries": "2024-10-22 00:35:25 +0000",
      "wheat": "2024-10-21 23:15:02 +0000"
    },
    "done": false
  },
  "farmersdelight:main/get_fd_seed": {
    "criteria": {
      "rice": "2024-10-21 23:16:28 +0000"
    },
    "done": true
  },
  "minecraft:adventure/sleep_in_bed": {
    "criteria": {
      "slept_in_bed": "2024-10-21 23:18:14 +0000"
    },
    "done": true
  },
  "tombstone:adventure/chain_death": {
    "criteria": {
      "coded_trigger": "2024-10-21 23:21:03 +0000"
    },
    "done": true
  },
  "tombstone:recipes/from_grave_dust": {
    "criteria": {
      "has_ingredient": "2024-10-21 23:21:33 +0000"
    },
    "done": true
  },
  "minecraft:adventure/kill_all_mobs": {
    "criteria": {
      "minecraft:pillager": "2024-10-22 23:30:38 +0000",
      "minecraft:skeleton": "2024-10-22 00:20:35 +0000",
      "minecraft:spider": "2024-10-21 23:33:49 +0000",
      "minecraft:zombie": "2024-10-21 23:25:54 +0000",
      "minecraft:zombie_villager": "2024-10-23 22:52:34 +0000"
    },
    "done": false
  },
  "minecraft:adventure/kill_a_mob": {
    "criteria": {
      "minecraft:zombie": "2024-10-21 23:25:54 +0000"
    },
    "done": true
  },
  "minecraft:story/iron_tools": {
    "criteria": {
      "iron_pickaxe": "2024-10-21 23:26:11 +0000"
    },
    "done": true
  },
  "minecraft:story/mine_diamond": {
    "criteria": {
      "diamond": "2024-10-21 23:29:46 +0000"
    },
    "done": true
  },
  "minecraft:story/mine_stone": {
    "criteria": {
      "get_stone": "2024-10-21 23:33:03 +0000"
    },
    "done": true
  },
  "tombstone:adventure/cancel_ghostly_shape": {
    "criteria": {
      "coded_trigger": "2024-10-21 23:33:43 +0000"
    },
    "done": true
  },
  "minecraft:story/form_obsidian": {
    "criteria": {
      "obsidian": "2024-10-21 23:42:07 +0000"
    },
    "done": true
  },
  "minecraft:story/obtain_armor": {
    "criteria": {
      "iron_leggings": "2024-10-21 23:44:31 +0000"
    },
    "done": true
  },
  "iceandfire:iceandfire/kill_if_dragon": {
    "criteria": {
      "killed_ice_dragon": "2024-10-22 00:01:54 +0000"
    },
    "done": true
  },
  "tombstone:adventure/discreet_search": {
    "criteria": {
      "coded_trigger": "2024-10-22 00:03:19 +0000"
    },
    "done": true
  },
  "minecraft:story/shiny_gear": {
    "criteria": {
      "diamond_helmet": "2024-10-22 00:05:45 +0000"
    },
    "done": true
  },
  "tombstone:adventure/find_grave_dust": {
    "criteria": {
      "from_undead": "2024-10-22 00:35:13 +0000"
    },
    "done": true
  },
  "tombstone:adventure/ashes_and_bones": {
    "criteria": {
      "coded_trigger": "2024-10-22 00:35:13 +0000"
    },
    "done": true
  },
  "quark:get_forgotten_hat": {
    "criteria": {
      "get_forgotten_hat": "2024-10-22 00:45:56 +0000"
    },
    "done": true
  },
  "tombstone:adventure/eat_lollipop": {
    "criteria": {
      "coded_trigger": "2024-10-23 00:20:59 +0000"
    },
    "done": true
  },
  "tombstone:adventure/expert_tasting": {
    "criteria": {
      "eat_lollipop_3": "2024-10-23 01:55:03 +0000",
      "eat_lollipop_4": "2024-10-23 00:20:59 +0000",
      "eat_lollipop_0": "2024-10-23 00:21:16 +0000"
    },
    "done": false
  },
  "quark:get_all_corundum": {
    "criteria": {
      "indigo": "2024-10-23 00:40:36 +0000"
    },
    "done": false
  },
  "minecraft:story/lava_bucket": {
    "criteria": {
      "lava_bucket": "2024-10-23 01:57:17 +0000"
    },
    "done": true
  },
  "iceandfire:iceandfire/bestiary": {
    "criteria": {
      "bestiary": "2024-10-23 01:57:17 +0000"
    },
    "done": true
  },
  "minecraft:nether/obtain_ancient_debris": {
    "criteria": {
      "ancient_debris": "2024-10-23 01:57:17 +0000"
    },
    "done": true
  },
  "tombstone:adventure/tomb_raiding": {
    "criteria": {
      "coded_trigger": "2024-10-23 02:06:34 +0000"
    },
    "done": true
  },
  "minecraft:nether/explore_nether": {
    "criteria": {
      "minecraft:nether_wastes": "2024-10-23 22:53:01 +0000"
    },
    "done": false
  },
  "minecraft:nether/root": {
    "criteria": {
      "entered_nether": "2024-10-23 22:53:00 +0000"
    },
    "done": true
  },
  "minecraft:story/enter_the_nether": {
    "criteria": {
      "entered_nether": "2024-10-23 22:53:00 +0000"
    },
    "done": true
  },
  "DataVersion": 3465
}