{
  "iceandfire:iceandfire/root": {
    "criteria": {
      "tick": "2024-10-22 00:05:37 +0000"
    },
    "done": true
  },
  "tombstone:adventure/halloween": {
    "criteria": {
      "coded_trigger": "2024-10-22 00:05:37 +0000"
    },
    "done": true
  },
  "cataclysm:root": {
    "criteria": {
      "custom_test_name": "2024-10-22 00:05:37 +0000"
    },
    "done": true
  },
  "minecraft:adventure/adventuring_time": {
    "criteria": {
      "minecraft:old_growth_pine_taiga": "2024-10-22 00:22:28 +0000",
      "minecraft:taiga": "2024-10-22 00:05:38 +0000",
      "minecraft:frozen_river": "2024-10-22 00:22:10 +0000",
      "minecraft:beach": "2024-10-22 00:13:14 +0000",
      "minecraft:river": "2024-10-22 00:22:17 +0000",
      "minecraft:snowy_taiga": "2024-10-22 00:26:54 +0000",
      "minecraft:cold_ocean": "2024-10-22 00:14:13 +0000",
      "minecraft:lush_caves": "2024-10-22 00:23:20 +0000",
      "minecraft:deep_cold_ocean": "2024-10-22 00:14:45 +0000",
      "minecraft:frozen_ocean": "2024-10-22 00:18:13 +0000",
      "minecraft:old_growth_spruce_taiga": "2024-10-22 00:31:52 +0000",
      "minecraft:snowy_beach": "2024-10-22 00:20:57 +0000"
    },
    "done": false
  },
  "tombstone:adventure/root": {
    "criteria": {
      "auto": "2024-10-22 00:05:38 +0000"
    },
    "done": true
  },
  "farmersdelight:main/root": {
    "criteria": {
      "seeds": "2024-10-22 00:10:14 +0000"
    },
    "done": true
  },
  "minecraft:story/root": {
    "criteria": {
      "crafting_table": "2024-10-22 00:12:09 +0000"
    },
    "done": true
  },
  "minecraft:adventure/root": {
    "criteria": {
      "killed_something": "2024-10-22 00:12:52 +0000"
    },
    "done": true
  },
  "tombstone:adventure/first_grave": {
    "criteria": {
      "coded_trigger": "2024-10-22 00:19:25 +0000"
    },
    "done": true
  },
  "tombstone:recipes/from_grave_key": {
    "criteria": {
      "has_ingredient": "2024-10-22 00:19:27 +0000"
    },
    "done": true
  },
  "tombstone:adventure/enchant_grave_key": {
    "criteria": {
      "has_upgraded_grave_key": "2024-10-22 00:19:27 +0000"
    },
    "done": true
  },
  "tombstone:adventure/teleport_to_grave": {
    "criteria": {
      "coded_trigger": "2024-10-22 00:20:10 +0000"
    },
    "done": true
  },
  "tombstone:adventure/first_knowledge": {
    "criteria": {
      "coded_trigger": "2024-10-22 00:20:10 +0000"
    },
    "done": true
  },
  "minecraft:husbandry/balanced_diet": {
    "criteria": {
      "sweet_berries": "2024-10-23 00:42:24 +0000",
      "beef": "2024-10-22 00:21:36 +0000",
      "mutton": "2024-10-23 00:45:32 +0000"
    },
    "done": false
  },
  "minecraft:husbandry/root": {
    "criteria": {
      "consumed_item": "2024-10-22 00:21:36 +0000"
    },
    "done": true
  },
  "tombstone:adventure/cancel_ghostly_shape": {
    "criteria": {
      "coded_trigger": "2024-10-22 00:24:25 +0000"
    },
    "done": true
  },
  "minecraft:story/mine_stone": {
    "criteria": {
      "get_stone": "2024-10-22 00:24:25 +0000"
    },
    "done": true
  },
  "minecraft:adventure/kill_all_mobs": {
    "criteria": {
      "minecraft:skeleton": "2024-10-22 00:24:36 +0000",
      "minecraft:creeper": "2024-10-22 00:24:29 +0000",
      "minecraft:zombie": "2024-10-22 00:32:01 +0000"
    },
    "done": false
  },
  "minecraft:adventure/kill_a_mob": {
    "criteria": {
      "minecraft:creeper": "2024-10-22 00:24:29 +0000"
    },
    "done": true
  },
  "tombstone:adventure/chain_death": {
    "criteria": {
      "coded_trigger": "2024-10-22 00:24:43 +0000"
    },
    "done": true
  },
  "tombstone:adventure/find_grave_dust": {
    "criteria": {
      "from_undead": "2024-10-22 00:24:59 +0000"
    },
    "done": true
  },
  "tombstone:recipes/from_grave_dust": {
    "criteria": {
      "has_ingredient": "2024-10-22 00:27:48 +0000"
    },
    "done": true
  },
  "minecraft:story/upgrade_tools": {
    "criteria": {
      "stone_pickaxe": "2024-10-23 00:44:16 +0000"
    },
    "done": true
  },
  "farmersdelight:main/plant_all_crops": {
    "criteria": {
      "sweet_berries": "2024-10-23 00:43:01 +0000"
    },
    "done": false
  },
  "DataVersion": 3465
}