{
  "iceandfire:iceandfire/root": {
    "criteria": {
      "tick": "2024-10-23 23:02:42 +0000"
    },
    "done": true
  },
  "minecraft:adventure/root": {
    "criteria": {
      "killed_by_something": "2024-10-23 23:14:00 +0000"
    },
    "done": true
  },
  "tombstone:adventure/teleport_to_grave": {
    "criteria": {
      "coded_trigger": "2024-10-23 23:35:37 +0000"
    },
    "done": true
  },
  "tombstone:recipes/from_grave_dust": {
    "criteria": {
      "has_ingredient": "2024-10-23 23:15:13 +0000"
    },
    "done": true
  },
  "minecraft:adventure/adventuring_time": {
    "criteria": {
      "minecraft:taiga": "2024-10-23 23:02:43 +0000",
      "minecraft:deep_ocean": "2024-10-23 23:12:39 +0000",
      "minecraft:frozen_river": "2024-10-23 23:31:20 +0000",
      "minecraft:sunflower_plains": "2024-10-23 23:18:05 +0000",
      "minecraft:beach": "2024-10-23 23:09:50 +0000",
      "minecraft:river": "2024-10-23 23:13:47 +0000",
      "minecraft:stony_shore": "2024-10-23 23:08:35 +0000",
      "minecraft:cold_ocean": "2024-10-23 23:10:54 +0000",
      "minecraft:forest": "2024-10-23 23:11:11 +0000",
      "minecraft:deep_cold_ocean": "2024-10-23 23:29:43 +0000",
      "minecraft:ice_spikes": "2024-10-23 23:31:04 +0000",
      "minecraft:frozen_ocean": "2024-10-23 23:29:50 +0000",
      "minecraft:ocean": "2024-10-23 23:11:40 +0000",
      "minecraft:snowy_beach": "2024-10-23 23:30:45 +0000",
      "minecraft:flower_forest": "2024-10-23 23:23:46 +0000",
      "minecraft:plains": "2024-10-23 23:17:54 +0000"
    },
    "done": false
  },
  "farmersdelight:main/craft_knife": {
    "criteria": {
      "iron_knife": "2024-10-23 23:24:41 +0000"
    },
    "done": true
  },
  "tombstone:adventure/halloween": {
    "criteria": {
      "coded_trigger": "2024-10-23 23:02:42 +0000"
    },
    "done": true
  },
  "tombstone:adventure/cancel_ghostly_shape": {
    "criteria": {
      "coded_trigger": "2024-10-23 23:14:33 +0000"
    },
    "done": true
  },
  "minecraft:husbandry/balanced_diet": {
    "criteria": {
      "carrot": "2024-10-23 23:24:08 +0000"
    },
    "done": false
  },
  "tombstone:recipes/from_grave_key": {
    "criteria": {
      "has_ingredient": "2024-10-23 23:14:04 +0000"
    },
    "done": true
  },
  "tombstone:adventure/first_grave": {
    "criteria": {
      "coded_trigger": "2024-10-23 23:14:00 +0000"
    },
    "done": true
  },
  "minecraft:story/mine_stone": {
    "criteria": {
      "get_stone": "2024-10-23 23:08:35 +0000"
    },
    "done": true
  },
  "minecraft:husbandry/root": {
    "criteria": {
      "consumed_item": "2024-10-23 23:24:08 +0000"
    },
    "done": true
  },
  "farmersdelight:main/root": {
    "criteria": {
      "seeds": "2024-10-23 23:03:07 +0000"
    },
    "done": true
  },
  "tombstone:adventure/enchant_grave_key": {
    "criteria": {
      "has_upgraded_grave_key": "2024-10-23 23:14:04 +0000"
    },
    "done": true
  },
  "tombstone:adventure/first_knowledge": {
    "criteria": {
      "coded_trigger": "2024-10-23 23:35:37 +0000"
    },
    "done": true
  },
  "farmersdelight:main/get_fd_seed": {
    "criteria": {
      "onion": "2024-10-23 23:19:13 +0000"
    },
    "done": true
  },
  "tombstone:adventure/root": {
    "criteria": {
      "auto": "2024-10-23 23:02:43 +0000"
    },
    "done": true
  },
  "cataclysm:root": {
    "criteria": {
      "custom_test_name": "2024-10-23 23:02:42 +0000"
    },
    "done": true
  },
  "minecraft:story/root": {
    "criteria": {
      "crafting_table": "2024-10-23 23:03:34 +0000"
    },
    "done": true
  },
  "tombstone:adventure/choose_knowledge": {
    "criteria": {
      "coded_trigger": "2024-10-23 23:36:12 +0000"
    },
    "done": true
  },
  "DataVersion": 3465
}