{
  "iceandfire:iceandfire/root": {
    "criteria": {
      "tick": "2024-10-23 00:17:03 +0000"
    },
    "done": true
  },
  "minecraft:adventure/adventuring_time": {
    "criteria": {
      "minecraft:taiga": "2024-10-23 00:17:04 +0000",
      "minecraft:beach": "2024-10-23 00:18:31 +0000",
      "minecraft:cold_ocean": "2024-10-23 00:19:15 +0000",
      "minecraft:deep_cold_ocean": "2024-10-23 00:19:38 +0000"
    },
    "done": false
  },
  "tombstone:adventure/halloween": {
    "criteria": {
      "coded_trigger": "2024-10-23 00:17:03 +0000"
    },
    "done": true
  },
  "farmersdelight:main/root": {
    "criteria": {
      "seeds": "2024-10-23 00:17:33 +0000"
    },
    "done": true
  },
  "tombstone:adventure/root": {
    "criteria": {
      "auto": "2024-10-23 00:17:04 +0000"
    },
    "done": true
  },
  "cataclysm:root": {
    "criteria": {
      "custom_test_name": "2024-10-23 00:17:03 +0000"
    },
    "done": true
  },
  "minecraft:story/root": {
    "criteria": {
      "crafting_table": "2024-10-23 00:18:38 +0000"
    },
    "done": true
  },
  "DataVersion": 3465
}