{
  "iceandfire:iceandfire/root": {
    "criteria": {
      "tick": "2024-10-23 00:17:03 +0000"
    },
    "done": true
  },
  "tombstone:adventure/halloween": {
    "criteria": {
      "coded_trigger": "2024-10-23 00:17:03 +0000"
    },
    "done": true
  },
  "cataclysm:root": {
    "criteria": {
      "custom_test_name": "2024-10-23 00:17:03 +0000"
    },
    "done": true
  },
  "minecraft:adventure/adventuring_time": {
    "criteria": {
      "minecraft:old_growth_pine_taiga": "2024-10-23 00:31:28 +0000",
      "minecraft:taiga": "2024-10-23 00:17:04 +0000",
      "minecraft:frozen_river": "2024-10-23 00:37:47 +0000",
      "minecraft:beach": "2024-10-23 00:18:31 +0000",
      "minecraft:river": "2024-10-23 00:28:23 +0000",
      "minecraft:stony_shore": "2024-10-23 00:34:08 +0000",
      "minecraft:snowy_taiga": "2024-10-23 00:27:03 +0000",
      "minecraft:cold_ocean": "2024-10-23 00:19:15 +0000",
      "minecraft:deep_cold_ocean": "2024-10-23 00:19:38 +0000",
      "minecraft:old_growth_spruce_taiga": "2024-10-23 00:27:30 +0000"
    },
    "done": false
  },
  "tombstone:adventure/root": {
    "criteria": {
      "auto": "2024-10-23 00:17:04 +0000"
    },
    "done": true
  },
  "farmersdelight:main/root": {
    "criteria": {
      "seeds": "2024-10-23 00:17:33 +0000"
    },
    "done": true
  },
  "minecraft:story/root": {
    "criteria": {
      "crafting_table": "2024-10-23 00:18:38 +0000"
    },
    "done": true
  },
  "minecraft:story/obtain_armor": {
    "criteria": {
      "iron_chestplate": "2024-10-23 00:38:15 +0000"
    },
    "done": true
  },
  "minecraft:adventure/root": {
    "criteria": {
      "killed_something": "2024-10-23 00:27:18 +0000"
    },
    "done": true
  },
  "minecraft:adventure/kill_all_mobs": {
    "criteria": {
      "minecraft:zombie": "2024-10-23 00:39:08 +0000"
    },
    "done": false
  },
  "minecraft:story/iron_tools": {
    "criteria": {
      "iron_pickaxe": "2024-10-23 00:32:50 +0000"
    },
    "done": true
  },
  "minecraft:adventure/kill_a_mob": {
    "criteria": {
      "minecraft:zombie": "2024-10-23 00:39:08 +0000"
    },
    "done": true
  },
  "iceandfire:iceandfire/kill_ghost": {
    "criteria": {
      "killed_fire_dragon": "2024-10-23 00:36:59 +0000"
    },
    "done": true
  },
  "minecraft:husbandry/balanced_diet": {
    "criteria": {
      "sweet_berries": "2024-10-23 00:35:54 +0000",
      "beef": "2024-10-23 00:30:40 +0000",
      "porkchop": "2024-10-23 00:34:29 +0000"
    },
    "done": false
  },
  "minecraft:story/mine_stone": {
    "criteria": {
      "get_stone": "2024-10-23 00:28:40 +0000"
    },
    "done": true
  },
  "minecraft:husbandry/root": {
    "criteria": {
      "consumed_item": "2024-10-23 00:30:40 +0000"
    },
    "done": true
  },
  "minecraft:story/upgrade_tools": {
    "criteria": {
      "stone_pickaxe": "2024-10-23 00:30:59 +0000"
    },
    "done": true
  },
  "minecraft:story/smelt_iron": {
    "criteria": {
      "iron": "2024-10-23 00:32:51 +0000"
    },
    "done": true
  },
  "DataVersion": 3465
}